Sujetos,CondiciÃ³n,num_palabras_unicas_norm,primera_persona_norm,tercera_persona_norm,num noun norm,num verb norm,num adj norm,num advs norm,num numeral norm,num propn norm,Positivo pysent,Negativo pysent,Intensidad pysent,Valencia pysent,Valencia e intensidad pysent,Valencia2 pysent,Valencia e intensidad2 pysent,cohe_norm_d=1,cohe_norm_d=2,cohe_norm_d=3,num_nodes_LSC,Comunidades_LSC,diÃ¡metro,k_mean,transitivity,ASP,average_CC,selfloops,L2,L3,density,Detalles internos norm,Detalles externos norm
1.0,antesdevenir,-0.994575705827027,0.1013513513513513,0.0472972972972973,0.1081081081081081,0.2297297297297297,0.0202702702702702,0.0878378378378378,0.0135135135135135,0.0405405405405405,0.0392645001411438,0.2852512001991272,0.324515700340271,0,0.0,-1.0,-0.324515700340271,0.8439565411055105,0.9498520378785436,0.7876398701286283,97.0,16.0,20.699300699300693,2.88659793814433,0.0049504950495049,6.879483274457663,0.0183521518573064,0.0,3.0,2.0,0.0150343642611683,0.6162420382165605,0.3837579617834395
2.0,antesdevenir,1.4050285060517362,0.0316205533596837,0.0553359683794466,0.1225296442687747,0.1818181818181818,0.0632411067193675,0.1304347826086956,0.0079051383399209,0.0434782608695652,0.1587273329496383,0.0327677950263023,0.1914951279759407,0,0.0,0.0,0.0,0.9034148294403244,0.8725821181828426,0.8858723906796877,136.0,23.0,15.63636363636363,3.3823529411764706,0.0292682926829268,5.917300455535751,0.0298479264471911,0.0,4.0,9.0,0.0125272331154684,0.7290874524714829,0.2709125475285171
3.0,antesdevenir,-0.2563478739833089,0.0205761316872428,0.0534979423868312,0.1810699588477366,0.1687242798353909,0.0452674897119341,0.0864197530864197,0.0205761316872428,0.0452674897119341,0.0286668986082077,0.4807496070861816,0.5094165056943893,0,0.0,-1.0,-0.5094165056943893,1.029679411057237,0.921305684249368,0.965560141749518,122.0,20.0,13.749999999999998,3.5737704918032787,0.0054945054945054,5.189480874316923,0.0314043067088928,1.0,6.5,11.333333333333334,0.0147676466603441,0.8352059925093633,0.1647940074906367
4.0,antesdevenir,-0.9444235781124958,0.0635593220338983,0.0677966101694915,0.173728813559322,0.163135593220339,0.0338983050847457,0.0720338983050847,0.0127118644067796,0.0127118644067796,0.3028309345245361,0.0303191356360912,0.3331500701606273,0,0.0,1.0,0.3331500701606273,0.8294209361353652,0.8212213126812234,0.7994529390411854,209.0,29.0,13.636240786240784,3.885167464114832,0.0122093023255813,4.81696159984229,0.0388395717020246,0.0,5.0,17.0,0.0093393448656606,0.8537549407114624,0.1462450592885375
5.0,antesdevenir,0.7300506840406568,0.0647482014388489,0.0671462829736211,0.1438848920863309,0.1966426858513189,0.0287769784172661,0.0863309352517985,0.0167865707434052,0.0191846522781774,0.6049389839172363,0.0173976477235555,0.6223366316407919,1,0.6223366316407919,1.0,0.6223366316407919,0.9533516952911552,0.9392569577617316,0.8804125880439972,203.0,24.0,15.281830238726794,3.684729064039409,0.0134932533733133,5.127456882052703,0.033744002196557,2.0,4.0,10.666666666666666,0.009120616495147,0.7847222222222222,0.2152777777777778
6.0,antesdevenir,-0.6800952119332937,0.0655737704918032,0.0573770491803278,0.1475409836065573,0.1967213114754098,0.0,0.0983606557377049,0.0,0.0327868852459016,0.0910404101014137,0.0800039023160934,0.1710443124175071,0,0.0,0.0,0.0,0.823833073033517,0.7916532751844282,0.7086375366583592,74.0,12.0,18.700000000000003,2.945945945945946,0.0,6.441984450203639,0.0268298638444269,0.0,2.0,3.0,0.0201777119585338,0.6821705426356589,0.3178294573643411
7.0,antesdevenir,0.7532518554208707,0.0527740189445196,0.0784844384303112,0.1366711772665764,0.1975642760487145,0.0284167794316644,0.087956698240866,0.0216508795669824,0.013531799729364,0.1056977435946464,0.1288100332021713,0.2345077767968177,0,0.0,0.0,0.0,0.8469391390105644,0.8218261348617586,0.8430700301117848,278.0,35.0,13.192868719611022,4.41726618705036,0.0223719676549865,4.559846095772271,0.0592885329069428,0.0,15.0,36.0,0.0079734046697659,0.907088122605364,0.092911877394636
8.0,antesdevenir,0.950255268139496,0.0201005025125628,0.0954773869346733,0.2261306532663316,0.1658291457286432,0.0201005025125628,0.0402010050251256,0.0100502512562814,0.0150753768844221,0.1822806298732757,0.0632906481623649,0.2455712780356407,0,0.0,0.0,0.0,1.06217610263192,1.050612487838024,1.1122717523195658,110.0,17.0,12.782967032967033,3.272727272727273,0.0101010101010101,5.374775683032683,0.052492714020847,0.0,0.0,10.0,0.0150125104253544,0.8666666666666667,0.1333333333333333
9.0,antesdevenir,-0.4040603174538227,0.0503731343283582,0.0559701492537313,0.1287313432835821,0.1455223880597015,0.0578358208955223,0.0708955223880597,0.0391791044776119,0.0578358208955223,0.0555462948977947,0.285776674747467,0.3413229696452617,0,0.0,-1.0,-0.3413229696452617,0.914568477969698,0.9171332463711996,0.89597687022339,231.0,28.0,12.338074398249454,3.9567099567099566,0.0108932461873638,4.822674720073804,0.042843193327301,1.0,10.5,23.33333333333333,0.008601543384152,0.83154296875,0.16845703125
10.0,antesdevenir,-1.4811277155795877,0.0689655172413793,0.1034482758620689,0.1494252873563218,0.1954022988505747,0.0114942528735632,0.0689655172413793,0.0344827586206896,0.0459770114942528,0.2855331301689148,0.0238850750029087,0.3094182051718235,0,0.0,1.0,0.3094182051718235,0.8679451502112421,0.7836196733756782,0.7727873010717324,57.0,9.0,14.841176470588234,2.807017543859649,0.0138888888888888,6.076404245908968,0.0231551099972152,0.0,0.0,2.0,0.025062656641604,0.5558823529411765,0.4441176470588235
11.0,antesdevenir,-0.3595329106271878,0.0571428571428571,0.0428571428571428,0.1142857142857142,0.1928571428571428,0.0428571428571428,0.0928571428571428,0.0142857142857142,0.0357142857142857,0.1183056309819221,0.0858616977930069,0.204167328774929,0,0.0,0.0,0.0,0.9666188213710968,0.998249651308843,0.9543337478742556,90.0,14.0,16.302469135802472,2.933333333333333,0.0109890109890109,6.325516561088547,0.0377685350234369,0.0,3.0,3.0,0.0164794007490636,1.0,0.0
12.0,antesdevenir,-0.135338892367192,0.0474137931034482,0.0646551724137931,0.1508620689655172,0.1551724137931034,0.0387931034482758,0.0905172413793103,0.0387931034482758,0.0387931034482758,0.131271630525589,0.0446109659969806,0.1758825965225696,0,0.0,0.0,0.0,0.7568433734328543,0.7498885758418146,0.6847012381643323,129.0,20.0,15.1830985915493,3.2868217054263567,0.0096525096525096,5.4514179614999305,0.0448475867702322,0.0,4.0,11.0,0.0128391472868217,0.9090909090909092,0.0909090909090909
13.0,antesdevenir,-0.8586714051083247,0.0344827586206896,0.057471264367816,0.1379310344827586,0.160919540229885,0.0344827586206896,0.0689655172413793,0.0114942528735632,0.1149425287356321,0.8461745381355286,0.0063378172926604,0.852512355428189,1,0.852512355428189,1.0,0.852512355428189,0.8457627206641654,0.7716395350672216,0.6528310411310011,54.0,9.0,15.049999999999995,2.851851851851852,0.0131578947368421,6.05429332634521,0.0235155790711346,0.0,1.0,2.0,0.0269042627533193,0.78125,0.21875
14.0,antesdevenir,-0.750704688683126,0.0307692307692307,0.0538461538461538,0.1846153846153846,0.1307692307692307,0.0538461538461538,0.0461538461538461,0.0153846153846153,0.0307692307692307,0.2857767045497894,0.0282343309372663,0.3140110354870558,0,0.0,1.0,0.3140110354870558,0.9233781529388216,0.9413824080622654,0.8139019533647008,73.0,11.0,10.661157024793388,3.26027397260274,0.0148514851485148,5.114961885354176,0.0464021898953405,0.0,1.0,7.0,0.0226407914764079,0.6495535714285714,0.3504464285714285
15.0,antesdevenir,-1.0475741765148097,0.1188118811881188,0.0297029702970297,0.1386138613861386,0.2574257425742574,0.0,0.0693069306930693,0.0,0.0198019801980198,0.0280062705278396,0.5336810946464539,0.5616873651742935,-1,-0.5616873651742935,-1.0,-0.5616873651742935,0.9212773261648144,0.9390924361856404,0.8436365275046845,64.0,12.0,17.553191489361694,2.84375,0.010204081632653,6.304968056962715,0.0162957702020202,0.0,1.0,1.0,0.0225694444444444,0.8508771929824561,0.1491228070175438
16.0,antesdevenir,-1.124294548497042,0.0294117647058823,0.0637254901960784,0.1274509803921568,0.1470588235294117,0.0392156862745098,0.1176470588235294,0.0147058823529411,0.0392156862745098,0.5046408772468567,0.0294333510100841,0.5340742282569408,1,0.5340742282569408,1.0,0.5340742282569408,0.8244368290988011,0.786846324212582,0.8637010199954068,116.0,19.0,21.711229946524067,3.2241379310344827,0.00625,6.423400565760055,0.0162815546767801,1.0,5.5,4.333333333333333,0.0140179910044977,0.6302325581395349,0.3697674418604651
17.0,antesdevenir,-0.0425279305856279,0.0210280373831775,0.0864485981308411,0.1728971962616822,0.1308411214953271,0.0327102803738317,0.1238317757009345,0.02803738317757,0.0186915887850467,0.4093876183032989,0.0155218765139579,0.4249094948172569,0,0.0,1.0,0.4249094948172569,0.9786169995105792,0.9036373622968636,0.9521552247263888,193.0,26.0,15.067166212534062,3.7927461139896375,0.0177664974619289,5.217470323041973,0.0427473031958987,0.0,5.0,15.0,0.0098769430051813,0.9228915662650602,0.0771084337349397
18.0,antesdevenir,0.3101374625199364,0.0267062314540059,0.0682492581602373,0.1513353115727003,0.1661721068249258,0.0652818991097922,0.0919881305637982,0.0,0.0237388724035608,0.7733854651451111,0.0136444326490163,0.7870298977941275,1,0.7870298977941275,1.0,0.7870298977941275,0.998792792655982,0.9369116581093462,0.9488691249729344,171.0,27.0,13.636363636363631,3.602339181286549,0.0105263157894736,5.075535541170073,0.0253937339351651,0.0,5.0,9.0,0.010595115239078,0.7471428571428571,0.2528571428571428
19.0,antesdevenir,1.646314684086245,0.046979865771812,0.0771812080536912,0.1409395973154362,0.197986577181208,0.0369127516778523,0.1006711409395973,0.0067114093959731,0.0201342281879194,0.1075410842895507,0.0811425819993019,0.1886836662888527,0,0.0,0.0,0.0,0.9192228982970692,0.9216910495647086,0.8282895310317365,146.0,19.0,13.21875,3.616438356164384,0.016497461928934,5.094987009919698,0.0334285154047972,0.0,6.0,8.0,0.012470477090222,0.8225308641975309,0.1774691358024691
20.0,antesdevenir,-1.28957128286645,0.059322033898305,0.0508474576271186,0.135593220338983,0.1694915254237288,0.0423728813559322,0.1016949152542373,0.0254237288135593,0.059322033898305,0.1435122191905975,0.0703319385647773,0.2138441577553749,0,0.0,0.0,0.0,0.939778544850846,0.820146321085555,0.8105219997384318,82.0,13.0,20.52631578947369,2.731707317073171,0.0,7.5282472780866705,0.0127646743500402,0.0,1.0,2.0,0.0168623908461306,0.7860169491525424,0.2139830508474576
21.0,antesdevenir,0.0620908911702093,0.074074074074074,0.0617283950617283,0.145679012345679,0.1876543209876543,0.0148148148148148,0.074074074074074,0.0222222222222222,0.019753086419753,0.1272155940532684,0.1125462427735328,0.2397618368268013,0,0.0,0.0,0.0,0.9830776211379276,0.9254094295687568,0.9341875538548732,182.0,24.0,12.897652582159626,3.901098901098901,0.0178306092124814,4.7516527982170285,0.0470454496029734,0.0,10.0,20.0,0.0107765163013781,0.8221784776902887,0.1778215223097113
22.0,antesdevenir,-0.6659371234692666,0.0473684210526315,0.031578947368421,0.1368421052631579,0.1789473684210526,0.0368421052631578,0.1052631578947368,0.031578947368421,0.0578947368421052,0.0720570757985115,0.0970422998070716,0.1690993756055832,0,0.0,0.0,0.0,0.8801752705010492,0.83468878356771,0.8269332723727817,115.0,19.0,14.663793103448278,3.026086956521739,0.0144927536231884,6.442921960072353,0.0359755206430398,0.0,0.0,3.0,0.0132723112128146,0.8719806763285024,0.1280193236714976
23.0,antesdevenir,-1.319270153688776,0.032520325203252,0.065040650406504,0.1544715447154471,0.1463414634146341,0.056910569105691,0.08130081300813,0.0,0.048780487804878,0.0112923327833414,0.8014748096466064,0.8127671424299479,-1,-0.8127671424299479,-1.0,-0.8127671424299479,0.8271812000727469,0.8419480474272384,0.7958535368730586,72.0,11.0,23.59433962264152,2.861111111111111,0.0,7.445033759510263,0.0251337782587782,0.0,2.0,4.0,0.0201486697965571,0.8305785123966942,0.1694214876033057
24.0,antesdevenir,-1.1419720197907486,0.0093457943925233,0.0467289719626168,0.1775700934579439,0.1962616822429906,0.0373831775700934,0.102803738317757,0.0093457943925233,0.0467289719626168,0.6950570344924927,0.006956220138818,0.7020132546313107,1,0.7020132546313107,1.0,0.7020132546313107,0.914279395482222,0.8669769508109253,0.9317554690948016,77.0,14.0,20.19047619047619,2.623376623376624,0.0,8.372216254922373,0.0134199134199134,0.0,1.0,1.0,0.0172590567327409,0.6911764705882353,0.3088235294117647
25.0,antesdevenir,-0.9799118698777322,0.0217391304347826,0.0543478260869565,0.1413043478260869,0.1304347826086956,0.0217391304347826,0.0869565217391304,0.0,0.0217391304347826,0.7842872738838196,0.0069032153114676,0.7911904891952872,1,0.7911904891952872,1.0,0.7911904891952872,0.8591070459477193,0.8200431498475164,1.014062598062098,62.0,9.0,16.73563218390805,2.774193548387097,0.0,5.849948637526813,0.0108119860847564,0.0,0.0,1.0,0.0227392913802221,0.5,0.5
26.0,antesdevenir,-1.452284945787934,0.0416666666666666,0.0166666666666666,0.175,0.2083333333333333,0.0333333333333333,0.1333333333333333,0.0,0.0083333333333333,0.1441738903522491,0.0708096176385879,0.2149835079908371,0,0.0,0.0,0.0,0.9987961386627974,0.8904981723232857,0.9151149652262396,70.0,12.0,15.39444444444444,3.0,0.0158730158730158,6.28266735679778,0.0419227994227994,0.0,0.0,3.0,0.0217391304347826,0.6788990825688074,0.3211009174311927
27.0,antesdevenir,1.2205151414062392,0.041860465116279,0.041860465116279,0.1627906976744186,0.2,0.027906976744186,0.1116279069767441,0.0093023255813953,0.0232558139534883,0.0269669312983751,0.5345677733421326,0.5615347046405077,-1,-0.5615347046405077,-1.0,-0.5615347046405077,1.0634864383357234,1.0857817565141554,1.1477352872280016,115.0,17.0,14.15343915343916,3.269565217391305,0.0192307692307692,5.863590269285749,0.0094190293934539,1.0,4.5,0.3333333333333333,0.0143401983218916,0.9391304347826088,0.0608695652173913
28.0,antesdevenir,1.4106768595432273,0.0464480874316939,0.0437158469945355,0.1639344262295081,0.1530054644808743,0.0382513661202185,0.1420765027322404,0.0327868852459016,0.0081967213114754,0.2061616033315658,0.1525290608406067,0.3586906641721725,0,0.0,1.0,0.3586906641721725,0.9080633406580642,0.9086070589550794,0.8877346263878096,171.0,25.0,14.46200607902736,3.83625730994152,0.0229357798165137,5.37533707025183,0.0491528269844674,0.0,8.0,19.0,0.0112831097351221,0.7901785714285714,0.2098214285714285
29.0,antesdevenir,-1.1175580318716027,0.0769230769230769,0.0961538461538461,0.1538461538461538,0.1826923076923076,0.0192307692307692,0.0865384615384615,0.0576923076923076,0.0192307692307692,0.3310149908065796,0.0225022174417972,0.3535172082483768,0,0.0,1.0,0.3535172082483768,0.7926748735831421,0.894012699382615,0.8830112801370543,68.0,13.0,16.989690721649485,2.8529411764705883,0.0104166666666666,6.5272892662219695,0.0295576563958916,0.0,1.0,3.0,0.0212906057945566,0.7614678899082569,0.2385321100917431
30.0,antesdevenir,0.0562655246131417,0.0821917808219178,0.045662100456621,0.1461187214611872,0.1598173515981735,0.0319634703196347,0.0958904109589041,0.0730593607305936,0.0410958904109589,0.1407845914363861,0.0720280110836029,0.212812602519989,0,0.0,0.0,0.0,0.9809108557265698,0.9094662693831158,0.9038656697754442,122.0,19.0,19.464285714285708,3.19672131147541,0.0082417582417582,6.213317805782817,0.0480605493563545,1.0,2.5,11.333333333333334,0.0132095921961793,0.8149779735682819,0.185022026431718
31.0,antesdevenir,-0.75540464547263,0.1,0.0357142857142857,0.0928571428571428,0.2285714285714285,0.0285714285714285,0.1,0.0071428571428571,0.0214285714285714,0.2465006411075592,0.0286302212625741,0.2751308623701334,0,0.0,0.0,0.0,0.910618408609808,0.8566252982166787,0.885575803408406,77.0,16.0,16.897018970189706,3.142857142857143,0.0275229357798165,5.579113156134938,0.0530355398585421,0.0,3.0,7.0,0.0206766917293233,0.8824503311258278,0.1175496688741721
32.0,antesdevenir,-0.6217770316597704,0.0461538461538461,0.0692307692307692,0.2230769230769231,0.1846153846153846,0.0153846153846153,0.0846153846153846,0.0153846153846153,0.0153846153846153,0.2262644469738006,0.1695069074630737,0.3957713544368744,0,0.0,1.0,0.3957713544368744,1.0174400869385185,0.8734680411568088,1.0502545633938445,86.0,14.0,17.829268292682926,2.813953488372093,0.0083333333333333,7.068699186992075,0.0191357092519883,0.0,0.0,3.0,0.0165526675786593,0.8301526717557252,0.1698473282442748
33.0,antesdevenir,-0.7915819460407704,0.0684931506849315,0.0273972602739726,0.1095890410958904,0.2191780821917808,0.0410958904109589,0.1095890410958904,0.0273972602739726,0.0273972602739726,0.1354590356349945,0.1703912615776062,0.3058502972126007,0,0.0,-1.0,-0.3058502972126007,1.12752572281698,0.9316451897325098,,48.0,9.0,17.470588235294116,2.75,0.02,7.058354192740926,0.0313657407407407,1.0,3.5,2.333333333333333,0.0292553191489361,1.0,0.0
34.0,antesdevenir,0.103922398941169,0.065,0.07,0.17,0.155,0.015,0.055,0.06,0.03,0.431899756193161,0.0168937370181083,0.4487934932112694,0,0.0,1.0,0.4487934932112694,0.7467854330268054,0.6836091376239612,0.7129299124469964,99.0,14.0,12.241054613935969,3.575757575757576,0.0143442622950819,4.793097973081829,0.0447828116346603,0.0,7.0,5.0,0.0182436611008039,0.9572192513368984,0.0427807486631016
35.0,antesdevenir,0.4552441434024514,0.0714285714285714,0.0552995391705069,0.1451612903225806,0.1658986175115207,0.0552995391705069,0.0806451612903225,0.0483870967741935,0.0345622119815668,0.0348832681775093,0.3045282363891601,0.3394115045666694,0,0.0,-1.0,-0.3394115045666694,0.9331847342854698,0.8691967279404703,0.9331324024006744,200.0,25.0,16.046997389033944,3.81,0.0193965517241379,5.029160757005143,0.0393585621957963,2.0,6.0,12.666666666666666,0.009572864321608,0.7728758169934641,0.2271241830065359
36.0,antesdevenir,-0.817943481924087,0.0330188679245283,0.0518867924528301,0.1933962264150943,0.1650943396226415,0.0141509433962264,0.0754716981132075,0.0141509433962264,0.080188679245283,0.6140245199203491,0.0161017812788486,0.6301263011991978,1,0.6301263011991978,1.0,0.6301263011991978,0.7579335017322026,0.7562809092908445,0.7608452407468379,132.0,20.0,19.41133004926108,3.075757575757576,0.0056497175141242,6.465578917441412,0.020510873142452,1.0,1.5,4.333333333333333,0.0117395327318991,0.948936170212766,0.051063829787234
37.0,antesdevenir,0.947034076347775,0.0439882697947214,0.0498533724340175,0.1202346041055718,0.1818181818181818,0.0351906158357771,0.1114369501466275,0.0263929618768328,0.0087976539589442,0.2351253926753997,0.0360331907868385,0.2711585834622383,0,0.0,0.0,0.0,0.918067262515434,0.9140543080145754,0.9103122182235716,160.0,22.0,12.3841059602649,3.775,0.0120481927710843,4.712803445234164,0.0456346205131853,0.0,7.0,14.0,0.0118710691823899,0.7345132743362832,0.2654867256637168
38.0,antesdevenir,-1.4952824935108515,0.0486486486486486,0.0756756756756756,0.1405405405405405,0.1837837837837838,0.0324324324324324,0.1189189189189189,0.0216216216216216,0.0,0.0380838699638843,0.3026798665523529,0.3407637365162372,0,0.0,-1.0,-0.3407637365162372,0.7022987659995084,0.595988401472911,0.7496121945960913,115.0,19.0,14.905027932960897,3.0782608695652174,0.0066225165562913,6.069744192884836,0.0050828157349896,0.0,1.0,0.0,0.0135011441647597,0.7712765957446809,0.2287234042553191
39.0,antesdevenir,-0.1615319842744641,0.048780487804878,0.0396341463414634,0.1310975609756097,0.1707317073170731,0.0335365853658536,0.1554878048780487,0.0182926829268292,0.0030487804878048,0.0717091634869575,0.053681131452322,0.1253902949392795,0,0.0,0.0,0.0,0.9683559062690316,0.9473710156610204,0.9695172843939316,161.0,25.0,13.036544850498338,3.739130434782609,0.0236111111111111,5.350510171839518,0.0248612762222553,0.0,0.0,7.0,0.0116847826086956,0.6486666666666666,0.3513333333333333
40.0,antesdevenir,-1.36726104777872,0.0230088495575221,0.0778761061946902,0.1398230088495575,0.1592920353982301,0.0460176991150442,0.0902654867256637,0.015929203539823,0.0106194690265486,0.2705603539943695,0.0992303863167762,0.3697907403111458,0,0.0,1.0,0.3697907403111458,0.9225768415648112,0.8916992359201633,0.8848138364540753,258.0,32.0,11.632734530938126,3.883720930232558,0.0139712108382726,4.753187227932893,0.0472212952028247,0.0,7.0,30.0,0.0075558772961722,0.7573913043478261,0.2426086956521739
41.0,antesdevenir,-0.0905811304738542,0.0358851674641148,0.069377990430622,0.1507177033492823,0.1196172248803827,0.062200956937799,0.1076555023923445,0.0047846889952153,0.0095693779904306,0.1140358075499534,0.0902096405625343,0.2042454481124878,0,0.0,0.0,0.0,0.952601368166657,1.0041532303405232,0.9873802774170066,189.0,25.0,14.611859838274931,3.9153439153439153,0.0224215246636771,5.022311462611071,0.0547053122296337,0.0,8.0,25.0,0.010413148711021,0.7862232779097387,0.2137767220902612
42.0,antesdevenir,,,,,,,,,,,,,0,,,,,,,,,,,,,,,,,,,
43.0,antesdevenir,-1.0564909138436285,0.0803571428571428,0.0714285714285714,0.1696428571428571,0.2053571428571428,0.0,0.0982142857142857,0.0,0.0357142857142857,0.2644357979297638,0.0305518936365842,0.2949876915663481,0,0.0,0.0,0.0,0.7695338291743051,0.832216873236026,0.7299636239975696,69.0,11.0,15.416666666666671,3.0144927536231885,0.0135135135135135,5.972808326229093,0.0608908000212348,0.0,1.0,5.0,0.0221653878942881,0.9573170731707316,0.0426829268292682
44.0,antesdevenir,,,,,,,,,,,,,0,,,,,,,,,,,,,,,,,,,
45.0,antesdevenir,-0.3238828416997086,0.079136690647482,0.0575539568345323,0.1654676258992805,0.1438848920863309,0.0071942446043165,0.1079136690647482,0.0287769784172661,0.0575539568345323,0.5608584880828857,0.0126638263463974,0.5735223144292831,1,0.5735223144292831,1.0,0.5735223144292831,0.6841395379116436,0.626427650189461,0.6412465478662865,86.0,13.0,18.43511450381679,3.0232558139534884,0.0,6.354644375058308,0.0376714370900417,0.0,1.0,5.0,0.0177838577291381,0.8292682926829268,0.1707317073170731
46.0,antesdevenir,0.2671370441075333,0.0491803278688524,0.0737704918032786,0.1229508196721311,0.1762295081967213,0.0286885245901639,0.0942622950819672,0.0204918032786885,0.0450819672131147,0.3741468489170074,0.0159063003957271,0.3900531493127346,0,0.0,1.0,0.3900531493127346,0.9478651279870756,0.8562541696380676,0.7759925352202887,137.0,23.0,15.419724770642208,3.1824817518248176,0.0025906735751295,6.239712074225466,0.0226744645204115,1.0,5.5,9.333333333333334,0.0117003005581794,0.7697095435684648,0.2302904564315352
47.0,antesdevenir,-0.8387456988737642,0.0531914893617021,0.0851063829787234,0.1595744680851064,0.0851063829787234,0.0425531914893617,0.0957446808510638,0.0,0.0425531914893617,0.3914160430431366,0.0151150757446885,0.4065311187878251,0,0.0,1.0,0.4065311187878251,0.8440968556150852,0.7923841223934841,0.7607765402863762,55.0,8.0,13.061797752808992,3.090909090909091,0.0142857142857142,5.210293950743447,0.0529834054834054,0.0,0.0,4.0,0.0286195286195286,0.6931818181818182,0.3068181818181818
48.0,antesdevenir,0.2078923041814772,0.0581818181818181,0.0581818181818181,0.1781818181818182,0.16,0.0181818181818181,0.069090909090909,0.0109090909090909,0.0145454545454545,0.3130314350128174,0.0223777294158935,0.3354091644287109,0,0.0,1.0,0.3354091644287109,0.776904805689491,0.8112141133623019,0.7844115343042091,147.0,19.0,13.047619047619046,3.4285714285714284,0.0110759493670886,5.446564285640494,0.0332765924770864,0.0,6.0,8.0,0.0117416829745596,0.815068493150685,0.184931506849315
49.0,antesdevenir,-0.8959505323907637,0.0309278350515463,0.0876288659793814,0.1494845360824742,0.1237113402061855,0.0618556701030927,0.1082474226804123,0.0309278350515463,0.0206185567010309,0.6890474557876587,0.0201605409383773,0.7092079967260361,1,0.7092079967260361,1.0,0.7092079967260361,0.970355945846066,0.903204150721498,0.8583087580416355,106.0,16.0,13.785714285714285,3.3773584905660377,0.0089285714285714,5.519621259243766,0.03388909928756,0.0,0.0,9.0,0.0160826594788858,0.8905472636815921,0.1094527363184079
50.0,antesdevenir,-0.4950400689271838,0.0681818181818181,0.0409090909090909,0.1454545454545454,0.2,0.05,0.0818181818181818,0.0272727272727272,0.0227272727272727,0.525471031665802,0.0307454969733953,0.5562165286391973,1,0.5562165286391973,1.0,0.5562165286391973,0.8138610278077312,0.744131437711813,0.7953149718823316,140.0,22.0,17.99295774647888,3.0285714285714285,0.002415458937198,6.267727467923773,0.0006595180445059,0.0,3.0,0.0,0.0108941418293936,0.8401639344262295,0.1598360655737705
51.0,antesdevenir,-0.8053225795139956,0.062111801242236,0.0869565217391304,0.1677018633540372,0.124223602484472,0.0248447204968944,0.1304347826086956,0.0496894409937888,0.0062111801242236,0.0302704907953739,0.3607137501239776,0.3909842409193516,0,0.0,-1.0,-0.3909842409193516,0.7750792930437895,0.7627355525000249,0.6458591197924857,90.0,14.0,13.241379310344833,3.2222222222222223,0.0272727272727272,5.694605880580508,0.032007622007622,0.0,1.0,3.0,0.0181023720349563,0.9242424242424242,0.0757575757575757
52.0,antesdevenir,-1.3640381936041388,0.0493827160493827,0.0617283950617283,0.1975308641975308,0.1111111111111111,0.0,0.0617283950617283,0.0,0.0493827160493827,0.4248562157154083,0.0260390471667051,0.4508952628821134,0,0.0,1.0,0.4508952628821134,0.8127737870211518,0.7994551283194586,0.7183725893553138,58.0,11.0,18.46153846153846,2.6206896551724137,0.0172413793103448,7.055237563404583,0.0128557744937055,0.0,0.0,1.0,0.0229885057471264,0.6966292134831461,0.3033707865168539
53.0,antesdevenir,,,,,,,,,,,,,0,,,,,,,,,,,,,,,,,,,
54.0,antesdevenir,-0.724698259269477,0.0215827338129496,0.0647482014388489,0.1294964028776978,0.1870503597122302,0.0431654676258992,0.158273381294964,0.014388489208633,0.0071942446043165,0.0454227849841117,0.2183751165866851,0.2637979015707969,0,0.0,0.0,0.0,0.8078735335076731,0.8596026582084346,0.8609772995309156,91.0,15.0,17.639097744360903,2.901098901098901,0.0063291139240506,6.711548101021933,0.0291866863295434,0.0,0.0,3.0,0.0161172161172161,0.9197080291970804,0.0802919708029197
55.0,antesdevenir,-1.7786498725736013,0.0639097744360902,0.056390977443609,0.093984962406015,0.1842105263157894,0.037593984962406,0.1428571428571428,0.0150375939849624,0.018796992481203,0.0493698231875896,0.1015536785125732,0.1509235017001629,0,0.0,0.0,0.0,0.5931914780389728,0.6517482418241654,0.6730712452587497,125.0,16.0,13.552706552706548,3.744,0.0249376558603491,4.619945868945738,0.0687970989683761,0.0,3.0,11.0,0.0150967741935483,0.782258064516129,0.2177419354838709
56.0,antesdevenir,-1.4461057185072077,0.0333333333333333,0.0777777777777777,0.1555555555555555,0.1888888888888888,0.0444444444444444,0.0222222222222222,0.0666666666666666,0.0333333333333333,0.0731264427304267,0.2216112464666366,0.2947376891970634,0,0.0,0.0,0.0,0.8167001820190037,0.8798750440913993,0.8313325820599498,59.0,11.0,19.071428571428577,2.7796610169491527,0.0178571428571428,6.189018535526383,0.0737905331624175,0.0,1.0,4.0,0.0239625949736995,0.7857142857142857,0.2142857142857142
57.0,antesdevenir,1.1170382628684503,0.0615384615384615,0.0769230769230769,0.1615384615384615,0.1692307692307692,0.0307692307692307,0.0769230769230769,0.0,0.023076923076923,0.209129586815834,0.0952353477478027,0.3043649345636368,0,0.0,1.0,0.3043649345636368,0.8486489049577794,0.8406863355109506,0.8041837538041277,80.0,13.0,15.56967213114754,2.975,0.0222222222222222,5.942322923151384,0.0255438597856041,1.0,3.5,1.3333333333333333,0.0188291139240506,0.8900709219858156,0.1099290780141844
58.0,antesdevenir,-0.5224575211838446,0.048780487804878,0.024390243902439,0.2032520325203252,0.1869918699186991,0.024390243902439,0.073170731707317,0.0,0.016260162601626,0.1902589350938797,0.0663683637976646,0.2566272988915443,0,0.0,0.0,0.0,0.8057991431249565,0.7641713525818646,0.7536258092849325,81.0,15.0,15.0,2.962962962962963,0.0174418604651162,6.212191358024692,0.0164843387065609,3.0,3.5,2.0,0.0185185185185185,0.9477611940298508,0.0522388059701492
59.0,antesdevenir,-1.6973706318523274,0.0909090909090909,0.0632411067193675,0.1146245059288537,0.2055335968379446,0.0237154150197628,0.1027667984189723,0.0316205533596837,0.0079051383399209,0.1355071514844894,0.116877481341362,0.2523846328258514,0,0.0,0.0,0.0,0.914601776990448,0.8405327497633375,0.8779788913404358,126.0,17.0,14.495575221238935,3.5873015873015874,0.0185185185185185,5.209758112094625,0.0305163079974489,1.0,4.5,5.333333333333333,0.0143492063492063,0.7692307692307693,0.2307692307692307
60.0,antesdevenir,-1.233937239177899,0.0609756097560975,0.0365853658536585,0.1463414634146341,0.1829268292682926,0.0365853658536585,0.1219512195121951,0.0121951219512195,0.024390243902439,0.2433788180351257,0.0558556355535984,0.2992344535887241,0,0.0,0.0,0.0,0.72430466643877,0.8209718067090673,0.7734816523910645,54.0,8.0,18.455696202531644,2.7777777777777777,0.0,6.669930737998448,0.0108024691358024,1.0,1.5,1.3333333333333333,0.0262054507337526,0.5368421052631579,0.4631578947368421
61.0,antesdevenir,1.476490407501849,0.0575539568345323,0.0575539568345323,0.1726618705035971,0.1942446043165467,0.014388489208633,0.1079136690647482,0.014388489208633,0.014388489208633,0.2115208059549331,0.0309297461062669,0.2424505520612001,0,0.0,0.0,0.0,0.9637292654096382,0.9912495119004798,1.0532410362939977,91.0,15.0,18.64748201438849,2.989010989010989,0.0056179775280898,6.452473186286175,0.0293948115376686,0.0,1.0,3.0,0.0166056166056166,0.884375,0.115625
62.0,antesdevenir,,,,,,,,,,,,,0,,,,,,,,,,,,,,,,,,,
63.0,antesdevenir,-1.3757496677886565,0.0050251256281407,0.0201005025125628,0.1457286432160804,0.1105527638190954,0.0603015075376884,0.1507537688442211,0.0100502512562814,0.0402010050251256,0.5452746152877808,0.0115516977384686,0.5568263130262494,1,0.5568263130262494,1.0,0.5568263130262494,0.9106672705503436,0.8875425187604336,0.8827977917901508,99.0,13.0,12.89655172413793,3.494949494949495,0.0236686390532544,5.423048216151707,0.0536523636791016,0.0,5.0,7.0,0.0178313749742321,0.7026699029126213,0.2973300970873786
64.0,antesdevenir,-0.9735667229312652,0.0161290322580645,0.0483870967741935,0.1290322580645161,0.1612903225806451,0.032258064516129,0.1612903225806451,0.0967741935483871,0.032258064516129,0.1716304272413253,0.0232567340135574,0.1948871612548828,0,0.0,0.0,0.0,0.9278132039708108,1.0562437309960544,,36.0,8.0,20.33333333333332,2.4444444444444446,0.0,7.696408730158747,0.0300925925925925,0.0,0.0,1.0,0.0349206349206349,0.6617647058823529,0.3382352941176471
65.0,antesdevenir,0.8939301863488458,0.0383141762452107,0.0421455938697318,0.1685823754789272,0.1685823754789272,0.0651340996168582,0.0957854406130268,0.003831417624521,0.0306513409961685,0.0135893337428569,0.5416935682296753,0.5552829019725323,-1,-0.5552829019725323,-1.0,-0.5552829019725323,0.7929238639024773,0.7866963317028728,0.7548308062589147,135.0,18.0,11.0468085106383,3.4814814814814814,0.0107142857142857,5.180214294955319,0.0274049749099479,0.0,4.0,4.0,0.0129906025428413,0.6881188118811881,0.3118811881188119
