Sujetos,Condición,Recuerdo_autop,Valencia_autop,Intensidad_autop,ValeInt_autop,num_palabras_unicas_norm,primera_persona_norm,tercera_persona_norm,num noun norm,num verb norm,num adj norm,num advs norm,num numeral norm,num propn norm,Positivo pysent,Negativo pysent,Intensidad pysent,Valencia pysent,Valencia e intensidad pysent,Valencia2 pysent,Valencia e intensidad2 pysent,cohe_norm_d=1,cohe_norm_d=2,cohe_norm_d=3,num_nodes_LSC,Comunidades_LSC,diámetro,k_mean,transitivity,ASP,average_CC,selfloops,L2,L3,density,Detalles internos norm,Detalles externos norm
1,campeones_del_mundo,4.0,1.0,3.0,3.0,0.6855411217340879,0.07,0.07,0.115,0.17,0.06,0.075,0.015,0.005,0.1575841158628463,0.121151179075241,0.2787352949380874,0,0.0,0.0,0.0,0.9908491346626758,0.8568004005244443,0.8261742855104353,111.0,17.0,16.701171171171175,3.2972972972972974,0.0204678362573099,5.794451018586346,0.0627799745446804,0.0,2.0,13.0,0.0149877149877149,0.825,0.175
2,campeones_del_mundo,4.0,1.0,3.0,3.0,1.7046068944556283,0.0316901408450704,0.051056338028169,0.153169014084507,0.1584507042253521,0.0316901408450704,0.0985915492957746,0.0228873239436619,0.0246478873239436,0.1039087399840354,0.0466444455087184,0.1505531854927539,0,0.0,0.0,0.0,1.022850982029755,0.9858302724546876,0.9151370437879232,239.0,32.0,13.858819584171696,4.158995815899582,0.0237676056338028,4.8626137177725735,0.0508135391508835,0.0,5.0,30.0,0.0087373861678562,0.8582775919732442,0.1417224080267558
3,campeones_del_mundo,5.0,1.0,5.0,5.0,1.5446033161206163,0.0682414698162729,0.0708661417322834,0.1706036745406824,0.1259842519685039,0.0419947506561679,0.0866141732283464,0.0183727034120734,0.0262467191601049,0.0704368948936462,0.7094467282295227,0.779883623123169,-1,-0.779883623123169,-1.0,-0.779883623123169,0.8696452389677819,0.8352464973195866,0.8924502728728533,176.0,26.0,12.729227761485824,3.875,0.0244122965641952,4.944488136497917,0.0407585280684427,0.0,3.0,12.0,0.0110714285714285,0.8737684729064039,0.126231527093596
4,campeones_del_mundo,5.0,1.0,5.0,5.0,1.6475114643755002,0.0516962843295638,0.0791599353796446,0.1680129240710824,0.1365105008077544,0.061389337641357,0.0928917609046849,0.0008077544426494,0.0218093699515347,0.3021883070468902,0.0381259769201278,0.3403142839670181,0,0.0,1.0,0.3403142839670181,1.1040750722396366,1.054038574509703,1.0537342126596922,417.0,47.0,12.351190476190476,4.83453237410072,0.0230674846625766,4.20984108905344,0.0761760922811656,2.0,14.0,112.66666666666669,0.0058107360265633,0.7804263565891473,0.2195736434108527
5,campeones_del_mundo,5.0,1.0,3.0,3.0,1.975863564924326,0.0297029702970297,0.0579915134370579,0.1654879773691654,0.1315417256011315,0.0396039603960396,0.082036775106082,0.0113154172560113,0.0297029702970297,0.6418008804321289,0.0174726117402315,0.6592734921723604,1,0.6592734921723604,1.0,0.6592734921723604,1.1613906972018806,1.2170116320584028,1.2549377895877487,319.0,38.0,16.460342146189735,4.025078369905956,0.0166846071044133,4.739767045624164,0.0704365002853809,1.0,12.5,44.333333333333336,0.0063287395753238,0.7237171464330413,0.2762828535669587
6,campeones_del_mundo,4.0,1.0,5.0,5.0,1.6293300827041048,0.0485327313769751,0.0699774266365688,0.164785553047404,0.1241534988713318,0.0474040632054176,0.09255079006772,0.0090293453724604,0.0169300225733634,0.0128380544483661,0.5417405962944031,0.5545786507427692,-1,-0.5545786507427692,-1.0,-0.5545786507427692,0.9548257545239052,0.9315203984386786,0.9228144180369272,317.0,41.0,14.927223719676554,4.6750788643533125,0.03850830968788,4.236336161752954,0.0823513981915761,0.0,11.0,76.0,0.0073972766841033,0.7684119677790564,0.2315880322209436
7,campeones_del_mundo,3.0,1.0,4.0,4.0,1.7341643782887737,0.0402439024390243,0.0707317073170731,0.1182926829268292,0.1682926829268292,0.0365853658536585,0.0939024390243902,0.0109756097560975,0.0439024390243902,0.0417073853313922,0.2799732387065887,0.321680624037981,0,0.0,-1.0,-0.321680624037981,0.8330608689311454,0.7976960735975352,0.811673204702617,295.0,31.0,12.349952516619188,4.759322033898305,0.0280318091451292,4.219944687309309,0.0790232533267333,2.0,19.0,65.66666666666667,0.0080940850916637,0.8374269005847953,0.1625730994152046
8,campeones_del_mundo,5.0,1.0,2.0,2.0,1.2853755886683953,0.064516129032258,0.050179211469534,0.1648745519713261,0.1756272401433691,0.057347670250896,0.028673835125448,0.0,0.014336917562724,0.0109458621591329,0.8335126638412476,0.8444585260003805,-1,-0.8444585260003805,-1.0,-0.8444585260003805,0.947152670246062,0.9266362936180906,0.8425052572419452,135.0,20.0,12.912568306010932,3.6,0.0198412698412698,4.78799086685556,0.0953173224442249,0.0,4.0,21.0,0.0134328358208955,0.9666064981949458,0.0333935018050541
9,campeones_del_mundo,4.0,1.0,5.0,5.0,1.909133282015019,0.0384615384615384,0.0807692307692307,0.1509615384615384,0.1557692307692307,0.0442307692307692,0.060576923076923,0.0163461538461538,0.0432692307692307,0.6024767756462097,0.0304329618811607,0.6329097375273705,1,0.6329097375273705,1.0,0.6329097375273705,0.96690779003262,0.9700660684743662,0.9396341579352092,373.0,41.0,11.837863344658365,4.734584450402145,0.0286690433749257,4.186908337271257,0.0806193294471325,2.0,16.0,84.66666666666667,0.0063636887774222,0.8627819548872181,0.1372180451127819
10,campeones_del_mundo,5.0,1.0,5.0,5.0,0.9537930736808986,0.0301291248206599,0.0588235294117647,0.1506456241032998,0.1477761836441893,0.0416068866571018,0.0832137733142037,0.0129124820659971,0.0286944045911047,0.4521383345127105,0.0379494279623031,0.4900877624750137,0,0.0,1.0,0.4900877624750137,0.8837330715337237,0.8806413955821453,0.8734907676951844,288.0,39.0,13.275651691625072,4.173611111111111,0.0277355623100303,4.835159257303615,0.0603459006090404,1.0,12.5,44.333333333333336,0.0072710994967092,0.849721059972106,0.150278940027894
11,campeones_del_mundo,4.0,1.0,3.0,3.0,1.6191500585306864,0.051063829787234,0.0680851063829787,0.1638297872340425,0.1340425531914893,0.025531914893617,0.0723404255319148,0.0085106382978723,0.025531914893617,0.1005346104502677,0.1381201148033142,0.238654725253582,0,0.0,0.0,0.0,1.0282809754980198,1.0652574191233353,1.037856711109035,211.0,24.0,12.39291465378422,3.924170616113744,0.0218905472636815,4.638651733086272,0.0562168973461561,1.0,7.5,22.33333333333333,0.0093432633716993,0.8581560283687943,0.1418439716312056
12,campeones_del_mundo,5.0,1.0,3.0,3.0,1.9017095105597133,0.0410557184750733,0.0557184750733137,0.1436950146627566,0.1671554252199413,0.0527859237536656,0.0850439882697947,0.0058651026392961,0.0586510263929618,0.0569565966725349,0.4277267456054687,0.4846833422780037,0,0.0,-1.0,-0.4846833422780037,1.0655706712079052,1.068081390394619,1.025294116065757,156.0,21.0,12.834760273972606,3.730769230769231,0.0208845208845208,5.205562200448742,0.0437552350966435,0.0,3.0,13.0,0.0120347394540942,0.8922764227642277,0.1077235772357723
13,campeones_del_mundo,5.0,1.0,2.0,2.0,1.5637503640627468,0.033434650455927,0.0820668693009118,0.1610942249240121,0.1337386018237082,0.0455927051671732,0.0911854103343465,0.0091185410334346,0.060790273556231,0.0835821777582168,0.1546235680580139,0.2382057458162307,0,0.0,0.0,0.0,0.9428889224505772,1.0052843062110122,0.9717330175341964,169.0,24.0,15.451505016722406,3.5384615384615383,0.011056511056511,5.669468930434103,0.0366868551935509,0.0,4.0,10.0,0.0105311355311355,0.8819241982507289,0.1180758017492711
14,campeones_del_mundo,4.0,1.0,5.0,5.0,1.9229022149442645,0.067251461988304,0.0497076023391812,0.1432748538011695,0.1666666666666666,0.0292397660818713,0.0818713450292397,0.0029239766081871,0.0116959064327485,0.5577632784843445,0.0215205308049917,0.5792838092893362,1,0.5792838092893362,1.0,0.5792838092893362,1.0712631322147843,1.0980181432092166,1.0855742696849768,152.0,26.0,13.454810495626816,3.8684210526315783,0.0285714285714285,4.949665794196506,0.0454142975368737,0.0,10.0,16.0,0.0128093412338794,0.8013513513513514,0.1986486486486486
15,campeones_del_mundo,4.0,1.0,4.0,4.0,1.9043591761481893,0.0383386581469648,0.0511182108626198,0.1421725239616613,0.1869009584664537,0.0463258785942492,0.0830670926517571,0.0223642172523961,0.0255591054313099,0.0040610064752399,0.9167509078979492,0.9208119143731892,-1,-0.9208119143731892,-1.0,-0.9208119143731892,0.9131474877050806,0.9006315379311581,0.90989927622504,227.0,28.0,12.883561643835618,4.493392070484582,0.0358078602620087,4.507128014132561,0.0599550563284845,2.0,14.0,46.66666666666666,0.0099411328993021,0.9057719054242004,0.0942280945757997
16,campeones_del_mundo,4.0,1.0,5.0,5.0,0.9155837759558928,0.0320284697508896,0.0462633451957295,0.192170818505338,0.1245551601423487,0.0676156583629893,0.099644128113879,0.0035587188612099,0.0142348754448398,0.3521509170532226,0.0325909703969955,0.3847418874502182,0,0.0,1.0,0.3847418874502182,0.891414375299663,0.8590285826950316,0.8316999005048737,151.0,22.0,17.526923076923076,3.4304635761589406,0.0153256704980842,5.969483036169342,0.0264600541146991,0.0,2.0,6.0,0.0114348785871964,0.6588050314465409,0.3411949685534591
17,campeones_del_mundo,5.0,1.0,4.0,4.0,1.9049315334494707,0.0418118466898954,0.0545876887340302,0.1335656213704994,0.1904761904761904,0.0290360046457607,0.1126596980255516,0.0058072009291521,0.0476190476190476,0.3123371005058288,0.0615922734141349,0.3739293739199638,0,0.0,1.0,0.3739293739199638,0.8899821504062194,0.8760160503932234,0.8859414651172614,304.0,38.0,15.661659513590848,4.592105263157895,0.0323819978046103,4.65221588795208,0.0616486975011965,1.0,12.5,55.333333333333336,0.0075777314573562,0.8780295047418335,0.1219704952581664
18,campeones_del_mundo,5.0,1.0,5.0,5.0,1.7753231793543862,0.0253592561284869,0.0676246830092984,0.1310228233305156,0.1639898562975486,0.0321217244294167,0.0997464074387151,0.0152155536770921,0.0464919695688926,0.8507140278816223,0.0067427041940391,0.8574567320756614,1,0.8574567320756614,1.0,0.8574567320756614,0.93093452430192,0.9574869899423736,0.9483430440594234,348.0,36.0,12.6413433908046,5.333333333333333,0.0387263339070568,4.08258133028826,0.1093489188259298,3.0,25.5,130.0,0.0076849183477425,0.6844331641285956,0.3155668358714044
19,campeones_del_mundo,5.0,1.0,5.0,5.0,1.2124105665549385,0.040590405904059,0.029520295202952,0.1697416974169741,0.1476014760147601,0.051660516605166,0.0996309963099631,0.0,0.007380073800738,0.8051897287368774,0.0099671073257923,0.8151568360626698,1,0.8151568360626698,1.0,0.8151568360626698,0.8896008345458678,0.9079864409197592,0.8371147920580777,132.0,19.0,12.788,3.772727272727273,0.0154639175257731,5.0211378672219125,0.0324042189572492,2.0,6.0,10.666666666666666,0.0143997224149895,0.8725961538461539,0.1274038461538461
20,campeones_del_mundo,4.0,1.0,5.0,5.0,1.826538738533684,0.0437262357414448,0.05893536121673,0.1596958174904943,0.1140684410646387,0.0513307984790874,0.091254752851711,0.0076045627376425,0.0323193916349809,0.7580049633979797,0.0147721357643604,0.7727770991623402,1,0.7727770991623402,1.0,0.7727770991623402,0.8480257207526042,0.8267721490988704,0.8384079572540599,217.0,27.0,12.925601750547049,4.1658986175115205,0.0284916201117318,4.741061947002775,0.0452457991961959,2.0,8.0,35.666666666666664,0.0096432838368322,0.8032490974729242,0.1967509025270758
21,campeones_del_mundo,5.0,0.0,5.0,0.0,1.699060568721878,0.0427350427350427,0.0512820512820512,0.1384615384615384,0.1606837606837607,0.029059829059829,0.1179487179487179,0.0068376068376068,0.0341880341880341,0.8305400609970093,0.0095095420256257,0.840049603022635,1,0.840049603022635,1.0,0.840049603022635,0.8526814433842312,0.8752955595013482,0.8260793644354022,249.0,29.0,14.469844357976651,4.128514056224899,0.0209347614410905,5.007002923832967,0.0391514959039311,0.0,8.0,29.0,0.0083236170488405,0.6656151419558359,0.334384858044164
22,campeones_del_mundo,5.0,1.0,4.0,4.0,1.6649978526246587,0.0211161387631975,0.0633484162895927,0.1764705882352941,0.1367521367521367,0.0613373554550025,0.0824534942182001,0.0186023127199597,0.0447461035696329,0.1573145389556884,0.0987367779016494,0.2560513168573379,0,0.0,0.0,0.0,0.939929524691036,0.9284482789259828,0.8998450927573829,589.0,59.0,13.47415703056238,5.32427843803056,0.0233218717297054,4.260084048565267,0.0905636978400635,7.0,38.5,148.33333333333334,0.0045274476513865,0.7958515283842795,0.2041484716157205
23,campeones_del_mundo,4.0,1.0,4.0,4.0,1.655895250737398,0.0118343195266272,0.0502958579881656,0.1745562130177514,0.1183431952662721,0.0502958579881656,0.1035502958579881,0.0118343195266272,0.0266272189349112,0.6926904916763306,0.0111473640426993,0.7038378557190299,1,0.7038378557190299,1.0,0.7038378557190299,1.0351043247966505,0.9849446917124984,0.9877699220521572,157.0,25.0,13.663366336633665,3.859872611464968,0.023391812865497,4.892109715625805,0.0283593617988522,0.0,3.0,11.0,0.0123713865752082,0.7403846153846154,0.2596153846153846
24,campeones_del_mundo,5.0,1.0,5.0,5.0,1.802528060394448,0.0422794117647058,0.0680147058823529,0.1691176470588235,0.1213235294117647,0.0404411764705882,0.0808823529411764,0.0091911764705882,0.0202205882352941,0.0591076985001564,0.397126168012619,0.4562338665127754,0,0.0,-1.0,-0.4562338665127754,0.8144544504053873,0.8167456561925929,0.7979220688172275,227.0,29.0,11.570247933884298,4.255506607929515,0.020017793594306,4.464302349195877,0.0442838591501649,0.0,5.0,21.0,0.0094148376281626,0.7782861896838602,0.2217138103161397
25,campeones_del_mundo,3.0,1.0,2.0,2.0,1.3090366535394555,0.0573566084788029,0.0598503740648379,0.1396508728179551,0.1446384039900249,0.0523690773067331,0.084788029925187,0.0024937655860349,0.0074812967581047,0.7059335112571716,0.0069273845292627,0.7128608957864344,1,0.7128608957864344,1.0,0.7128608957864344,1.0122886089398393,1.026701842185555,0.9886811268387976,171.0,23.0,11.608404966571158,4.081871345029239,0.0220949263502455,4.621448468259433,0.0324327999475861,0.0,5.0,11.0,0.0120055039559683,0.7096774193548387,0.2903225806451613
26,campeones_del_mundo,3.0,1.0,4.0,4.0,-0.141780603101478,0.0530785562632696,0.0849256900212314,0.1337579617834395,0.1762208067940552,0.0339702760084925,0.0912951167728237,0.0042462845010615,0.0254777070063694,0.0451224669814109,0.2784194946289062,0.3235419616103172,0,0.0,-1.0,-0.3235419616103172,0.950610973284039,0.9605588724463088,0.974742260035109,199.0,26.0,13.85956416464891,4.150753768844221,0.0376344086021505,4.569527926152593,0.07744848968293,0.0,10.0,43.0,0.0104817014364753,0.7106796116504854,0.2893203883495145
27,campeones_del_mundo,3.0,1.0,4.0,4.0,1.6878498775964426,0.0185185185185185,0.0625,0.1736111111111111,0.1481481481481481,0.037037037037037,0.0856481481481481,0.0092592592592592,0.0254629629629629,0.0067534702830016,0.8301557302474976,0.8369092005304992,-1,-0.8369092005304992,-1.0,-0.8369092005304992,0.8711428137255116,0.8413025918938177,0.8481761874717824,203.0,25.0,13.071960297766744,3.9704433497536944,0.0232558139534883,4.957365453630723,0.0505346135170111,2.0,6.0,19.666666666666668,0.0098278300736477,0.8636363636363636,0.1363636363636363
28,campeones_del_mundo,4.0,1.0,3.0,3.0,1.3174877914978946,0.0444444444444444,0.0133333333333333,0.1407407407407407,0.1407407407407407,0.0296296296296296,0.1125925925925925,0.0133333333333333,0.0414814814814814,0.0916802212595939,0.0643830597400665,0.1560632809996605,0,0.0,0.0,0.0,0.8504075076337194,0.7829809546738458,0.8017162021398887,230.0,26.0,11.863327370304116,4.860869565217391,0.0359765051395007,4.408519456825306,0.0534840284001372,2.0,11.0,46.66666666666666,0.0106132523258021,0.7358247422680413,0.2641752577319587
29,campeones_del_mundo,4.0,1.0,3.0,3.0,1.9118713305275696,0.0395256916996047,0.075098814229249,0.1798418972332015,0.1482213438735178,0.0415019762845849,0.0889328063241106,0.0138339920948616,0.0296442687747035,0.0244805850088596,0.4881704747676849,0.5126510597765446,-1,-0.5126510597765446,-1.0,-0.5126510597765446,0.9105131686605556,0.8773475320705383,0.8326225705076622,256.0,36.0,13.609052631578944,3.703125,0.0105363984674329,5.069750309598264,0.0391132927817466,0.0,5.0,18.0,0.0072610294117647,0.9019114688128772,0.0980885311871227
30,campeones_del_mundo,5.0,1.0,4.0,4.0,1.0625958138788307,0.0769230769230769,0.0512820512820512,0.1678321678321678,0.1585081585081585,0.0372960372960372,0.0885780885780885,0.0116550116550116,0.0093240093240093,0.0071023092605173,0.8166059255599976,0.8237082348205149,-1,-0.8237082348205149,-1.0,-0.8237082348205149,0.9704735732527991,0.8247182230475756,0.8581545833176573,191.0,26.0,10.906801007556677,4.157068062827225,0.0225385527876631,4.5671715787022045,0.0544215418277024,0.0,12.0,25.0,0.0109396527969137,0.7078384798099763,0.2921615201900237
31,campeones_del_mundo,5.0,0.0,3.0,0.0,1.5357313280749554,0.0502442428471737,0.0690858339148639,0.1493370551290997,0.1409630146545708,0.0481507327285415,0.0851360781577111,0.0090718771807397,0.0230286113049546,0.0132513958960771,0.7379646301269531,0.7512160260230303,-1,-0.7512160260230303,-1.0,-0.7512160260230303,0.8608563069490991,0.8837468771988521,0.8621103400253467,442.0,52.0,13.803680981595091,5.158371040723982,0.0308115282518012,4.209869416781387,0.0989588252183708,2.0,26.0,152.66666666666666,0.0058484932434512,0.7398648648648649,0.2601351351351351
32,campeones_del_mundo,,,,,1.4625511931539423,0.0349206349206349,0.0888888888888888,0.1809523809523809,0.146031746031746,0.0412698412698412,0.092063492063492,0.0095238095238095,0.019047619047619,0.0260565411299467,0.7110797166824341,0.7371362578123808,-1,-0.7371362578123808,-1.0,-0.7371362578123808,0.7395463596048973,0.7414083018502259,0.7268745422611429,149.0,20.0,14.830324909747292,3.6912751677852342,0.0244956772334293,5.458082853284186,0.0395254719247578,0.0,2.0,13.0,0.0124705242154906,0.8462099125364432,0.1537900874635568
33,campeones_del_mundo,3.0,1.0,3.0,3.0,1.887705873681156,0.0353817504655493,0.0502793296089385,0.1545623836126629,0.143389199255121,0.0260707635009311,0.1173184357541899,0.0111731843575419,0.0297951582867784,0.0299956183880567,0.5792189240455627,0.6092145424336195,-1,-0.6092145424336195,-1.0,-0.6092145424336195,0.9953935698966918,1.053100703500108,1.0661402277440342,223.0,31.0,13.735849056603774,4.278026905829597,0.033271719038817,4.699994325487264,0.0750858175174328,0.0,8.0,28.0,0.0096351957338504,0.8143872113676732,0.1856127886323268
34,campeones_del_mundo,4.0,1.0,4.0,4.0,1.932323162935688,0.0554089709762532,0.0527704485488126,0.1715039577836411,0.1187335092348284,0.0765171503957783,0.0765171503957783,0.0,0.0184696569920844,0.2933132648468017,0.0395802557468414,0.3328935205936432,0,0.0,1.0,0.3328935205936432,0.91263060319611,0.9864711157074784,0.8591804500675148,177.0,26.0,13.764705882352937,3.8079096045197742,0.0204498977505112,5.048440851687452,0.0315438040472614,0.0,2.0,7.0,0.0108179250128402,0.8234567901234567,0.1765432098765432
35,campeones_del_mundo,4.0,1.0,3.0,3.0,1.353635188016505,0.0548148148148148,0.0518518518518518,0.1466666666666666,0.1422222222222222,0.034074074074074,0.0992592592592592,0.0118518518518518,0.04,0.0120179858058691,0.669194221496582,0.6812122073024511,-1,-0.6812122073024511,-1.0,-0.6812122073024511,0.9410091189969748,0.8955753211680048,0.8821776133375981,245.0,31.0,12.15034965034965,4.669387755102041,0.0261707988980716,4.406802211741969,0.0435428555002154,2.0,13.0,40.66666666666666,0.0095684175309468,0.6986506746626686,0.3013493253373313
36,campeones_del_mundo,5.0,1.0,5.0,5.0,1.6847520142825123,0.0263975155279503,0.0652173913043478,0.1451863354037267,0.1700310559006211,0.0496894409937888,0.1218944099378881,0.0100931677018633,0.0364906832298136,0.504330039024353,0.0359206460416317,0.5402506850659847,1,0.5402506850659847,1.0,0.5402506850659847,0.9275117048272252,0.9639026516146164,0.9488435822920596,451.0,58.0,12.414772727272728,4.682926829268292,0.0265210608424337,4.455215326225448,0.0598356133391286,7.0,19.5,113.33333333333331,0.0052032520325203,0.8070921985815603,0.1929078014184397
37,campeones_del_mundo,4.0,1.0,4.0,4.0,1.462582308715951,0.0478589420654911,0.0780856423173803,0.1536523929471032,0.1561712846347607,0.0327455919395466,0.0906801007556675,0.0100755667506297,0.0100755667506297,0.0523430369794368,0.1940322667360305,0.2463753037154674,0,0.0,0.0,0.0,0.8895648476216831,0.8934000081542647,0.9123134054329172,178.0,21.0,13.521613832853022,3.898876404494382,0.0245499181669394,4.831440733762432,0.0525444657224255,1.0,4.5,13.333333333333334,0.0110137751539389,0.6155097613882863,0.3844902386117136
38,campeones_del_mundo,3.0,1.0,5.0,5.0,0.9801095823773072,0.0475,0.06,0.13,0.1375,0.0375,0.0925,0.0075,0.035,0.3461809456348419,0.0695881694555282,0.4157691150903702,0,0.0,1.0,0.4157691150903702,0.9209319919926364,0.9067263673584028,0.9084868510532028,180.0,26.0,12.983870967741936,4.111111111111111,0.0332568807339449,4.474683611510641,0.0691614968661695,2.0,11.0,17.666666666666668,0.0114835505896958,0.821256038647343,0.178743961352657
39,campeones_del_mundo,4.0,0.0,5.0,0.0,1.3353684334621816,0.0661938534278959,0.0555555555555555,0.1583924349881796,0.1548463356973995,0.0295508274231678,0.1087470449172576,0.0011820330969267,0.0094562647754137,0.2774583399295807,0.0459635183215141,0.3234218582510948,0,0.0,1.0,0.3234218582510948,0.966534637409314,0.9348296494950064,0.9408360980789848,288.0,35.0,12.629268292682928,4.833333333333333,0.0290957923008057,4.3284644409192135,0.0738426288998583,1.0,12.5,76.33333333333333,0.0084204413472706,0.7867132867132867,0.2132867132867132
40,campeones_del_mundo,5.0,1.0,5.0,5.0,1.8913876061901236,0.0459392945036915,0.0648072190319934,0.1591468416735028,0.1476620180475799,0.0451189499589827,0.0787530762920426,0.0123051681706316,0.0311730926989335,0.2061442285776138,0.0383503958582878,0.2444946244359016,0,0.0,0.0,0.0,0.9346893604570542,0.8969817824673335,0.8819112801400132,433.0,49.0,13.71067961165049,4.757505773672055,0.0240019011406844,4.281473821146105,0.0888405646996404,2.0,19.0,111.66666666666669,0.0055063724232315,0.7827834179357022,0.2172165820642978
41,campeones_del_mundo,5.0,1.0,5.0,5.0,1.9794327758380228,0.0368731563421828,0.0678466076696165,0.1578171091445427,0.1135693215339233,0.0383480825958702,0.0914454277286135,0.0044247787610619,0.023598820058997,0.2837503254413605,0.0492324158549308,0.3329827412962913,0,0.0,1.0,0.3329827412962913,1.0453286417952317,1.0001635283074974,0.9609793519598436,244.0,29.0,14.657439446366782,4.729508196721311,0.0336601307189542,4.454725022210129,0.0786336856725518,0.0,14.0,53.0,0.0097314983471631,0.7517146776406035,0.2482853223593964
42,campeones_del_mundo,5.0,1.0,5.0,5.0,1.4669927012748214,0.0643939393939393,0.0587121212121212,0.1325757575757575,0.1382575757575757,0.053030303030303,0.1231060606060606,0.0113636363636363,0.0303030303030303,0.4923555552959442,0.0600559078156948,0.552411463111639,1,0.552411463111639,1.0,0.552411463111639,0.8299682379259306,0.8302766671349158,0.8084694778479811,214.0,24.0,11.153376906318082,4.289719626168225,0.0208574739281575,4.66798497361811,0.0543298100640615,1.0,3.5,18.33333333333333,0.0100697643806765,0.8714788732394366,0.1285211267605633
43,campeones_del_mundo,4.0,1.0,4.0,4.0,0.6836602258050604,0.0725,0.0975,0.175,0.1475,0.03,0.0825,0.0075,0.03,0.0516533963382244,0.1563165932893753,0.2079699896275997,0,0.0,0.0,0.0,1.0398460464332575,0.9781064649790528,0.9530272608620244,157.0,20.0,14.172782874617738,4.165605095541402,0.0224252491694352,4.589030358275361,0.0549130078920942,0.0,4.0,23.0,0.0133512983831455,0.8058312655086849,0.1941687344913151
44,campeones_del_mundo,5.0,1.0,5.0,5.0,1.172497121104353,0.0491400491400491,0.0884520884520884,0.1375921375921376,0.1621621621621621,0.0491400491400491,0.0565110565110565,0.0073710073710073,0.0122850122850122,0.8645843267440796,0.0075782500207424,0.872162576764822,1,0.872162576764822,1.0,0.872162576764822,1.0384394633462042,1.0811078193916548,1.094054288215469,188.0,29.0,12.776203966005667,3.734042553191489,0.0252100840336134,5.035980411803106,0.0251727097497016,2.0,4.0,12.666666666666666,0.0099840709978382,0.5479002624671916,0.4520997375328084
45,campeones_del_mundo,5.0,1.0,2.0,2.0,1.919924074615145,0.0415890751086281,0.0657976412166356,0.1216635630043451,0.1651148355058969,0.0434512725015518,0.0937306021104903,0.0043451272501551,0.0471756672873991,0.0258604157716035,0.4010413885116577,0.4269018042832613,0,0.0,-1.0,-0.4269018042832613,1.0201311822486534,0.9822380538930948,0.9820895043605598,451.0,48.0,15.41495480690222,5.396895787139689,0.0397717447691509,4.235214326852674,0.0946681584132708,3.0,37.5,152.0,0.0059965508745996,0.7538870703764321,0.2461129296235679
46,campeones_del_mundo,5.0,1.0,5.0,5.0,1.8880150101056432,0.05,0.0557692307692307,0.1673076923076923,0.1423076923076923,0.0346153846153846,0.0826923076923076,0.0038461538461538,0.0365384615384615,0.5695500373840332,0.0460897535085678,0.615639790892601,1,0.615639790892601,1.0,0.615639790892601,0.9879125344705708,1.1000724580167922,0.9965407822186988,230.0,29.0,13.075,3.982608695652174,0.0214541120381406,5.035693980631701,0.0467517446989694,2.0,11.0,21.666666666666668,0.008695652173913,0.7789608177172062,0.2210391822827938
47,campeones_del_mundo,5.0,1.0,5.0,5.0,1.3822829107038157,0.0391304347826087,0.0478260869565217,0.1695652173913043,0.1260869565217391,0.0391304347826087,0.1043478260869565,0.0043478260869565,0.0260869565217391,0.5760939717292786,0.0487423613667488,0.6248363330960274,1,0.6248363330960274,1.0,0.6248363330960274,1.0770121511672317,1.0160522974532895,0.9971589458559988,123.0,19.0,14.866028708133976,3.398373983739837,0.0161943319838056,5.533190631243424,0.0405106405548135,0.0,2.0,9.0,0.0139277622284419,0.6854508196721312,0.3145491803278688
48,campeones_del_mundo,,,,,1.691163862926241,0.0740131578947368,0.0444078947368421,0.1496710526315789,0.1677631578947368,0.0394736842105263,0.0838815789473684,0.0049342105263157,0.0131578947368421,0.0192853659391403,0.3188763856887817,0.338161751627922,0,0.0,-1.0,-0.338161751627922,1.1004430667924994,1.0751232927061438,1.0181414053007525,245.0,32.0,14.31601307189542,4.155102040816327,0.0268126888217522,4.669645146036589,0.0748589258044081,0.0,8.0,36.0,0.0085145533623285,0.863275039745628,0.136724960254372
49,campeones_del_mundo,3.0,1.0,4.0,4.0,1.86676819412512,0.0456026058631921,0.0798045602605863,0.1628664495114006,0.1319218241042345,0.0342019543973941,0.0912052117263843,0.003257328990228,0.0276872964169381,0.0220257267355918,0.5651237368583679,0.5871494635939598,-1,-0.5871494635939598,-1.0,-0.5871494635939598,1.0231259332535558,0.9785597452196236,0.9598267204243972,241.0,32.0,13.094230769230771,4.29045643153527,0.0204582651391162,4.534487620026522,0.0506677551011336,2.0,7.0,27.666666666666668,0.0089384508990318,0.8625204582651391,0.1374795417348608
50,campeones_del_mundo,3.0,1.0,3.0,3.0,-0.3695715016108663,0.0385756676557863,0.0652818991097922,0.1394658753709199,0.1661721068249258,0.0356083086053412,0.1186943620178041,0.0207715133531157,0.0118694362017804,0.0764697566628456,0.4013394117355346,0.4778091683983803,0,0.0,-1.0,-0.4778091683983803,0.9068790960426532,0.8909169029305841,0.89653943256376,156.0,23.0,15.060983606557375,3.91025641025641,0.0247191011235955,5.231092896174894,0.0511276902571435,2.0,4.0,16.666666666666668,0.0126137303556658,0.771680216802168,0.2283197831978319
51,campeones_del_mundo,5.0,1.0,5.0,5.0,1.8496645098308853,0.0363901018922852,0.0553129548762736,0.1586608442503639,0.1542940320232896,0.0393013100436681,0.1077147016011644,0.0305676855895196,0.0262008733624454,0.0193319711834192,0.3176822066307068,0.337014177814126,0,0.0,-1.0,-0.337014177814126,1.0269550131093583,1.0129425441459428,1.0541695187029752,285.0,35.0,14.25623960066556,4.217543859649123,0.0190126751167444,4.669189091562773,0.0480802817217913,0.0,13.0,30.0,0.0074252532740301,0.8336909871244635,0.1663090128755364
52,campeones_del_mundo,2.0,0.0,3.0,0.0,-0.1406846903116156,0.0357142857142857,0.0401785714285714,0.15625,0.125,0.0535714285714285,0.1383928571428571,0.0089285714285714,0.0,0.8045088648796082,0.0141479158774018,0.81865678075701,1,0.81865678075701,1.0,0.81865678075701,0.846535019909969,0.8754400647816141,0.8293258556508557,119.0,19.0,13.867298578199057,3.546218487394958,0.0220588235294117,5.359301243189652,0.0188583760838765,1.0,3.5,4.333333333333333,0.0150263495228599,0.650390625,0.349609375
53,campeones_del_mundo,5.0,1.0,5.0,5.0,1.88561903931312,0.0488856937455068,0.0754852624011502,0.1531272465851905,0.1459381739755571,0.0345075485262401,0.0603882099209202,0.01294033069734,0.0510424155283968,0.0561702400445938,0.1928255259990692,0.248995766043663,0,0.0,0.0,0.0,0.9167528764022982,0.892902667397418,0.8646869791623436,441.0,48.0,12.548507462686567,4.861678004535148,0.019625137816979,4.248470036606606,0.0736226160325267,4.0,21.0,105.33333333333331,0.0055246340960626,0.7436643835616439,0.2563356164383562
54,campeones_del_mundo,3.0,1.0,3.0,3.0,1.2297226623879485,0.0218978102189781,0.0875912408759124,0.22992700729927,0.1167883211678832,0.0547445255474452,0.0912408759124087,0.0,0.010948905109489,0.068566158413887,0.4457903802394867,0.5143565386533737,0,0.0,-1.0,-0.5143565386533737,0.8977426408019628,0.9422705802409046,0.8902248355283481,143.0,22.0,11.989459815546777,3.5384615384615383,0.0167224080267558,5.242691951482298,0.0329824661251386,0.0,3.0,10.0,0.0124593716143011,0.75,0.25
55,campeones_del_mundo,4.0,1.0,5.0,5.0,1.3437991109788183,0.0569620253164556,0.0556962025316455,0.1696202531645569,0.1265822784810126,0.0594936708860759,0.0873417721518987,0.0126582278481012,0.0113924050632911,0.3015491962432861,0.0300930123776197,0.3316422086209059,0,0.0,1.0,0.3316422086209059,1.053228995877579,1.0344249710138371,1.0572669051317625,296.0,32.0,12.480923694779118,4.486486486486487,0.0286796536796536,4.510680572725763,0.060139996278728,1.0,13.5,39.333333333333336,0.0076042143838754,0.5094859241126071,0.4905140758873929
56,campeones_del_mundo,5.0,1.0,5.0,5.0,1.1027655172462898,0.0544412607449856,0.0372492836676217,0.1346704871060172,0.1404011461318051,0.0515759312320916,0.0945558739255014,0.0085959885386819,0.0286532951289398,0.5007212162017822,0.0250438805669546,0.5257650967687368,1,0.5257650967687368,1.0,0.5257650967687368,0.9150513923874938,0.88059675736683,0.928662965964256,162.0,24.0,12.023659305993691,3.91358024691358,0.0207986688851913,4.705916824737601,0.0519250067328614,1.0,7.5,19.33333333333333,0.0121539759220918,0.8512987012987013,0.1487012987012987
57,campeones_del_mundo,4.0,1.0,4.0,4.0,0.7044449016289525,0.0584958217270195,0.0668523676880222,0.1727019498607242,0.1337047353760445,0.0334261838440111,0.1002785515320334,0.0055710306406685,0.0027855153203342,0.5289715528488159,0.0215544532984495,0.5505260061472654,1,0.5505260061472654,1.0,0.5505260061472654,0.9705740360318874,0.925776426829533,0.9835165786017172,155.0,24.0,13.428093645484951,3.832258064516129,0.0183189655172413,5.027811972973193,0.0559739270880656,0.0,2.0,24.0,0.012442396313364,0.7837150127226463,0.2162849872773536
58,campeones_del_mundo,,,,,1.2064566424984282,0.0433925049309664,0.04930966469428,0.1548323471400394,0.1282051282051282,0.0355029585798816,0.0897435897435897,0.004930966469428,0.04930966469428,0.2260021865367889,0.031150534749031,0.25715272128582,0,0.0,0.0,0.0,0.8490325302350314,0.8295642249357614,0.8203434049260596,347.0,38.0,12.476745098039215,4.893371757925072,0.0220428438373176,4.120487209633618,0.0697856180818421,3.0,15.5,73.0,0.0070713464709899,0.822,0.178
59,campeones_del_mundo,4.0,1.0,4.0,4.0,1.3891812557774843,0.0191176470588235,0.0647058823529411,0.1514705882352941,0.1485294117647058,0.0485294117647058,0.088235294117647,0.0044117647058823,0.038235294117647,0.072735883295536,0.2029538601636886,0.2756897434592247,0,0.0,0.0,0.0,1.0021638580548011,0.9782508463922516,1.0020753955744717,270.0,33.0,11.131463146314632,4.488888888888889,0.0208333333333333,4.493336227123796,0.0527094427370531,2.0,20.0,43.66666666666666,0.0083436596447748,0.7865583456425406,0.2134416543574593
60,campeones_del_mundo,5.0,1.0,5.0,5.0,1.564561353450283,0.0379965457685664,0.0500863557858376,0.160621761658031,0.1468048359240069,0.0466321243523316,0.0863557858376511,0.0155440414507772,0.0138169257340241,0.6256726384162903,0.0307635590434074,0.6564361974596977,1,0.6564361974596977,1.0,0.6564361974596977,0.6812467452333114,0.6871917855175155,0.6476306838891124,249.0,36.0,13.164658634538156,3.991967871485944,0.0257774140752864,4.858589343422069,0.0533986714200885,1.0,10.5,21.33333333333333,0.0080483223215442,0.7666925465838509,0.233307453416149
61,campeones_del_mundo,3.0,1.0,4.0,4.0,1.136178126569121,0.046875,0.078125,0.1796875,0.171875,0.03125,0.1015625,0.0078125,0.0234375,0.3122828602790832,0.2110832631587982,0.5233661234378815,0,0.0,1.0,0.5233661234378815,0.8949296762835429,0.8242148571787751,0.8528226334699053,89.0,15.0,15.116279069767442,2.8764044943820224,0.0189873417721519,6.360919424187716,0.0347416004719375,0.0,0.0,4.0,0.0163432073544433,0.9251700680272108,0.0748299319727891
62,campeones_del_mundo,4.0,-1.0,4.0,-4.0,0.5359718986051654,0.0637254901960784,0.0441176470588235,0.1102941176470588,0.159313725490196,0.0465686274509803,0.1127450980392156,0.0024509803921568,0.017156862745098,0.2430100291967392,0.0944811254739761,0.3374911546707153,0,0.0,1.0,0.3374911546707153,0.8553647354001789,0.8628096998978024,0.8117475342529072,167.0,22.0,12.959237536656891,4.083832335329341,0.0349761526232114,4.708539922945692,0.0399947316089671,2.0,6.0,13.666666666666666,0.0123006998052088,0.8172110552763819,0.1827889447236181
63,campeones_del_mundo,4.0,1.0,4.0,4.0,0.7065707106019177,0.0328542094455852,0.0616016427104722,0.1519507186858316,0.1047227926078028,0.0431211498973305,0.108829568788501,0.0102669404517453,0.0061601642710472,0.1723924726247787,0.0395795777440071,0.2119720503687858,0,0.0,0.0,0.0,0.927111874552076,0.9214844185701806,0.8911581651823788,194.0,26.0,12.475490196078434,4.206185567010309,0.0248933143669985,4.81315303118557,0.0451436820688964,2.0,5.0,19.666666666666668,0.0108968538005448,0.6871609403254972,0.3128390596745027
64,campeones_del_mundo,5.0,1.0,5.0,5.0,1.4895833333333337,0.0579216354344122,0.0579216354344122,0.151618398637138,0.151618398637138,0.0442930153321976,0.0971039182282793,0.0221465076660988,0.0323679727427597,0.2204024642705917,0.0590164847671985,0.2794189490377903,0,0.0,0.0,0.0,0.9492182707199964,0.9755096244412448,0.909247782791339,265.0,32.0,10.682174185463657,4.0150943396226415,0.0097955706984667,4.739628399812943,0.0517452135226019,1.0,8.5,31.33333333333333,0.0076043453401943,0.8341049382716049,0.165895061728395
65,campeones_del_mundo,4.0,1.0,2.0,2.0,0.8434038470751031,0.0220264317180616,0.0859030837004405,0.171806167400881,0.1343612334801762,0.0682819383259911,0.0748898678414096,0.0066079295154185,0.0110132158590308,0.3286024034023285,0.0460382513701915,0.37464065477252,0,0.0,1.0,0.37464065477252,0.8075633771700634,0.731845180740296,0.726489555513653,208.0,29.0,14.299757869249396,3.9615384615384617,0.0235069885641677,4.916754951938398,0.0537929128620219,2.0,9.0,18.666666666666668,0.0095689334819769,0.791497975708502,0.2085020242914979
