Sujetos,CondiciÃ³n,Recuerdo_autop,Valencia_autop,Intensidad_autop,ValeInt_autop,num_palabras_unicas_norm,primera_persona_norm,tercera_persona_norm,num noun norm,num verb norm,num adj norm,num advs norm,num numeral norm,num propn norm,Positivo pysent,Negativo pysent,Intensidad pysent,Valencia pysent,Valencia e intensidad pysent,Valencia2 pysent,Valencia e intensidad2 pysent,cohe_norm_d=1,cohe_norm_d=2,cohe_norm_d=3,num_nodes_LSC,Comunidades_LSC,diÃ¡metro,k_mean,transitivity,ASP,average_CC,selfloops,L2,L3,density,Detalles internos norm,Detalles externos norm
1,antesdevenir,,,,,-1.1601465137038411,0.0625,0.0535714285714285,0.1160714285714285,0.2053571428571428,0.0267857142857142,0.0892857142857142,0.0267857142857142,0.0089285714285714,0.0962833911180496,0.0352313630282878,0.1315147541463375,0,0.0,0.0,0.0,0.86543855244977,0.8748054502001372,0.8097019428892146,66.0,13.0,13.874999999999996,3.090909090909091,0.0121951219512195,5.639688676707927,0.0367114367114367,0.0,5.0,3.0,0.0237762237762237,0.5971074380165289,0.402892561983471
2,antesdevenir,,,,,-0.7136935440454362,0.0349650349650349,0.0699300699300699,0.1538461538461538,0.2167832167832167,0.0349650349650349,0.1048951048951049,0.0279720279720279,0.0069930069930069,0.1423591822385788,0.0251275524497032,0.167486734688282,0,0.0,0.0,0.0,0.9102514794015368,0.860815114768939,0.8265884035563436,89.0,15.0,15.66176470588236,3.056179775280899,0.02,6.149455664543589,0.0288267438911297,0.0,4.0,3.0,0.017364657814096,0.5907172995780591,0.4092827004219409
3,antesdevenir,,,,,-1.295473749004388,0.0583333333333333,0.0666666666666666,0.175,0.2,0.0166666666666666,0.0916666666666666,0.025,0.0166666666666666,0.0570748746395111,0.0803683176636695,0.1374431923031807,0,0.0,0.0,0.0,0.862935476924843,0.8556592790226353,0.7646615494595215,79.0,11.0,12.87426900584795,2.8860759493670884,0.0,6.077548965457072,0.0130801687763713,0.0,0.0,1.0,0.0185004868549172,0.7768987341772152,0.2231012658227848
4,antesdevenir,5.0,1.0,1.0,1.0,-0.8504515198049456,0.0153846153846153,0.0948717948717948,0.2205128205128205,0.1307692307692307,0.0615384615384615,0.0589743589743589,0.0307692307692307,0.023076923076923,0.1891986280679702,0.0524259991943836,0.2416246272623539,0,0.0,0.0,0.0,0.810760613817739,0.7583760883417449,0.7552732421611811,197.0,32.0,14.35995608618087,3.50253807106599,0.0148760330578512,5.17324643587304,0.0492271163935993,0.0,10.0,16.0,0.0089350460996581,0.5804115853658537,0.4195884146341463
5,antesdevenir,5.0,-1.0,3.0,-3.0,-0.2069952306111198,0.0671641791044776,0.044776119402985,0.1492537313432835,0.1716417910447761,0.044776119402985,0.1007462686567164,0.0149253731343283,0.0223880597014925,0.0270726587623357,0.5748727917671204,0.6019454505294561,-1,-0.6019454505294561,-1.0,-0.6019454505294561,0.8695656019992146,0.8365408721922156,0.8215716316785735,147.0,24.0,13.940329218106994,3.306122448979592,0.0073746312684365,5.425796280892905,0.0547030699450439,1.0,2.5,12.333333333333334,0.0113223371540396,0.6387931034482759,0.3612068965517241
6,antesdevenir,5.0,1.0,3.0,3.0,-0.6744358129226009,0.0119521912350597,0.0717131474103585,0.147410358565737,0.1673306772908366,0.0916334661354581,0.0597609561752988,0.0079681274900398,0.0159362549800796,0.0397880412638187,0.0875225290656089,0.1273105703294277,0,0.0,0.0,0.0,0.989461140396626,0.9009207462629438,0.8158738954601472,136.0,21.0,13.766519823788542,3.323529411764706,0.0110294117647058,5.68308331653795,0.0382997936016511,0.0,1.0,6.0,0.0123093681917211,0.7016632016632016,0.2983367983367983
7,antesdevenir,3.0,-1.0,1.0,-1.0,0.4920631706990183,0.0586419753086419,0.0709876543209876,0.1419753086419753,0.2021604938271605,0.0169753086419753,0.0648148148148148,0.0169753086419753,0.0262345679012345,0.0077244332060217,0.7836496829986572,0.791374116204679,-1,-0.791374116204679,-1.0,-0.791374116204679,1.0073889023625824,1.0120060048281534,0.952601475828401,236.0,26.0,11.707619047619046,4.440677966101695,0.021828665568369,4.450380346768287,0.0607114917079581,0.0,5.0,35.0,0.0094482509917057,0.6792452830188679,0.320754716981132
8,antesdevenir,4.0,0.0,2.0,0.0,-1.0516709361832326,0.0,0.0560747663551401,0.1682242990654205,0.1962616822429906,0.0186915887850467,0.02803738317757,0.0093457943925233,0.0093457943925233,0.0063659232109785,0.7904516458511353,0.7968175690621138,-1,-0.7968175690621138,-1.0,-0.7968175690621138,0.9771081602149646,1.0210598359784295,1.0077026853501756,60.0,10.0,10.291262135922333,3.3666666666666667,0.028,4.384785073043947,0.0516747069198049,0.0,2.0,5.0,0.0285310734463276,0.7205882352941176,0.2794117647058823
9,antesdevenir,5.0,-1.0,5.0,-5.0,-0.6477416492550959,0.03485254691689,0.0536193029490616,0.1528150134048257,0.1420911528150134,0.0214477211796246,0.0884718498659517,0.0482573726541554,0.0750670241286863,0.212935671210289,0.0267020631581544,0.2396377343684435,0,0.0,0.0,0.0,0.943624532602846,0.8654181877999829,0.7805347914260052,184.0,26.0,17.064615384615383,3.532608695652174,0.0141304347826086,5.585143617766862,0.0285338816046979,1.0,8.5,9.333333333333334,0.0096519363269185,0.7365470852017937,0.2634529147982062
10,antesdevenir,4.0,-1.0,1.0,-1.0,-1.3549917475308002,0.0888888888888888,0.05,0.1444444444444444,0.1777777777777777,0.0277777777777777,0.0833333333333333,0.0166666666666666,0.0222222222222222,0.0721818581223487,0.2147194296121597,0.2869012877345085,0,0.0,0.0,0.0,0.8650167415730425,0.7652285763643805,0.8144381740124916,101.0,14.0,12.710059171597637,3.3069306930693068,0.0179640718562874,5.222747183002869,0.0281784060759017,0.0,2.0,2.0,0.0165346534653465,0.8164556962025317,0.1835443037974683
11,antesdevenir,5.0,0.0,3.0,0.0,-0.0789829296844237,0.056910569105691,0.040650406504065,0.1747967479674796,0.1341463414634146,0.024390243902439,0.1056910569105691,0.0284552845528455,0.0121951219512195,0.0252546090632677,0.3965940475463867,0.4218486566096544,0,0.0,-1.0,-0.4218486566096544,0.815832829876679,0.8295039995241228,0.7919802810272667,135.0,22.0,14.443231441048036,3.348148148148148,0.0068027210884353,5.370559864434317,0.0192648269040336,0.0,2.0,5.0,0.0124930901050304,0.4198717948717949,0.5801282051282052
12,antesdevenir,5.0,-1.0,5.0,-5.0,-0.5908223722127263,0.034090909090909,0.0681818181818181,0.1818181818181818,0.1590909090909091,0.0113636363636363,0.0681818181818181,0.0113636363636363,0.0681818181818181,0.4797156155109405,0.0108431642875075,0.4905587797984481,0,0.0,1.0,0.4905587797984481,0.9106288318749632,0.94527854583488,0.8782411994119704,63.0,12.0,18.857142857142858,2.634920634920635,0.0,7.648611415892547,0.0086860670194003,0.0,1.0,1.0,0.0212493599590373,0.7980769230769231,0.2019230769230769
13,antesdevenir,5.0,-1.0,3.0,-3.0,-0.9792417328354092,0.0603448275862069,0.0603448275862069,0.1982758620689655,0.1551724137931034,0.0172413793103448,0.0258620689655172,0.0,0.0948275862068965,0.0155478911474347,0.3278294205665588,0.3433773117139935,0,0.0,-1.0,-0.3433773117139935,0.8330355970159483,0.8273864083163132,0.8887760876824884,75.0,12.0,13.986486486486484,2.9066666666666667,0.0,6.0078889700511615,0.021021645021645,0.0,1.0,2.0,0.0196396396396396,0.4963768115942029,0.5036231884057971
14,antesdevenir,5.0,0.0,3.0,0.0,-0.5393506212648549,0.0264900662251655,0.0728476821192053,0.1456953642384106,0.1854304635761589,0.0198675496688741,0.0993377483443708,0.0331125827814569,0.0264900662251655,0.0312496274709701,0.2086925059556961,0.2399421334266662,0,0.0,0.0,0.0,0.8229165588310647,0.8218317465147901,0.8032500686681039,87.0,13.0,15.44117647058824,3.126436781609196,0.0246478873239436,5.5643593644354565,0.0420200095149385,0.0,2.0,5.0,0.0181769580326116,0.6678321678321678,0.3321678321678322
15,antesdevenir,4.0,-1.0,1.0,-1.0,-0.9457021759103256,0.054054054054054,0.054054054054054,0.1801801801801801,0.1441441441441441,0.027027027027027,0.081081081081081,0.009009009009009,0.036036036036036,0.3144177794456482,0.0244231689721345,0.3388409484177828,0,0.0,1.0,0.3388409484177828,0.9188639931294276,0.8699356746270553,0.9098233902526348,60.0,11.0,11.458333333333336,3.1666666666666665,0.0129870129870129,5.035516713747645,0.0151378713878713,0.0,0.0,2.0,0.0268361581920903,0.6540880503144654,0.3459119496855345
16,antesdevenir,5.0,-1.0,2.0,-2.0,-1.9015970731391625,0.0353982300884955,0.0707964601769911,0.1327433628318584,0.1592920353982301,0.079646017699115,0.0707964601769911,0.0176991150442477,0.0265486725663716,0.5613952279090881,0.0252665542066097,0.5866617821156979,1,0.5866617821156979,1.0,0.5866617821156979,1.0243223552699765,1.0293213294567871,0.875271739744117,75.0,12.0,19.572815533980577,2.7466666666666666,0.0111111111111111,7.615536313011979,0.0031111111111111,0.0,1.0,0.0,0.0185585585585585,0.8298076923076924,0.1701923076923077
17,antesdevenir,5.0,1.0,4.0,4.0,-0.7589568906355413,0.1155115511551155,0.0759075907590759,0.1386138613861386,0.2277227722772277,0.0231023102310231,0.0759075907590759,0.0231023102310231,0.0165016501650165,0.201062723994255,0.0359885580837726,0.2370512820780277,0,0.0,0.0,0.0,0.999386355415699,0.956053782864952,0.9403127213347532,146.0,20.0,13.79506172839506,3.684931506849315,0.0211864406779661,5.195140747738465,0.0219044977622525,1.0,5.5,7.333333333333333,0.0127066603684459,0.6242632612966601,0.3757367387033399
18,antesdevenir,5.0,1.0,3.0,3.0,-1.115684750328215,0.0219298245614035,0.087719298245614,0.1403508771929824,0.1403508771929824,0.043859649122807,0.1008771929824561,0.0087719298245614,0.043859649122807,0.6004409790039062,0.0150053417310118,0.6154463207349181,1,0.6154463207349181,1.0,0.6154463207349181,0.854213362046681,0.8423215621097558,0.8607225086335454,122.0,20.0,16.594202898550726,3.377049180327869,0.0187165775401069,5.722894155708691,0.0578643215506891,0.0,2.0,11.0,0.0139547486790407,0.4735663082437276,0.5264336917562724
19,antesdevenir,5.0,1.0,1.0,1.0,1.1066770869135194,0.045662100456621,0.0547945205479452,0.1232876712328767,0.182648401826484,0.0319634703196347,0.0684931506849315,0.0502283105022831,0.0273972602739726,0.1135342568159103,0.110884815454483,0.2244190722703933,0,0.0,0.0,0.0,1.0769113597147262,1.0251191047358834,1.007148866366129,126.0,17.0,16.00825082508251,3.1904761904761907,0.0122448979591836,5.739741631306063,0.0237784142837831,0.0,2.0,4.0,0.0127619047619047,0.5,0.5
20,antesdevenir,4.0,-1.0,4.0,-4.0,-0.4855356140405992,0.0490196078431372,0.0539215686274509,0.1568627450980392,0.2205882352941176,0.0245098039215686,0.088235294117647,0.0,0.034313725490196,0.0067921211011707,0.818556010723114,0.8253481318242848,-1,-0.8253481318242848,-1.0,-0.8253481318242848,1.0056915393865784,1.0675160259126149,1.0035385568473354,114.0,17.0,14.9578947368421,3.3157894736842106,0.0056497175141242,5.501389740069918,0.0203374039674349,0.0,1.0,3.0,0.0146716348393106,0.5598591549295775,0.4401408450704225
21,antesdevenir,5.0,0.0,4.0,0.0,0.1839747112628784,0.0474452554744525,0.0474452554744525,0.1532846715328467,0.1678832116788321,0.0510948905109489,0.1021897810218978,0.0255474452554744,0.0182481751824817,0.1335144191980362,0.0343675166368484,0.1678819358348846,0,0.0,0.0,0.0,0.897163255050107,0.9345947453674666,0.8261308943711668,148.0,23.0,13.9537037037037,3.3783783783783785,0.0080385852090032,5.392044984732215,0.0226508484841818,1.0,2.5,7.333333333333333,0.0114910829196543,0.5604265402843602,0.4395734597156398
22,antesdevenir,5.0,0.0,5.0,0.0,-0.2904066022019753,0.0443686006825938,0.0648464163822525,0.1655290102389078,0.1331058020477815,0.0580204778156996,0.0972696245733788,0.0170648464163822,0.0324232081911262,0.8803549408912659,0.0050701163709163,0.8854250572621822,1,0.8854250572621822,1.0,0.8854250572621822,0.9919125449100612,0.9651420782820308,0.9552240715317272,268.0,36.0,13.17567567567568,3.843283582089552,0.0124250214224507,4.948000301248087,0.038673462189026,0.0,13.0,19.0,0.0071971602660853,0.7965976331360947,0.2034023668639053
23,antesdevenir,3.0,-1.0,3.0,-3.0,-1.394438105884124,0.0086206896551724,0.0689655172413793,0.1293103448275862,0.1896551724137931,0.0344827586206896,0.1120689655172413,0.0086206896551724,0.0,0.0082555329427123,0.7944562435150146,0.802711776457727,-1,-0.802711776457727,-1.0,-0.802711776457727,0.739795606284488,0.8148193910610115,0.8211960554786433,72.0,13.0,15.25641025641026,2.888888888888889,0.0,6.006409472683628,0.039371628280942,0.0,2.0,4.0,0.0203442879499217,0.7178571428571429,0.2821428571428571
24,antesdevenir,5.0,1.0,5.0,5.0,-1.0004461961997897,0.059090909090909,0.0681818181818181,0.15,0.1181818181818181,0.05,0.0818181818181818,0.0181818181818181,0.009090909090909,0.0054090721532702,0.8836205005645752,0.8890295727178454,-1,-0.8890295727178454,-1.0,-0.8890295727178454,0.7998728469121933,0.8389385729355703,0.7761423856704694,123.0,20.0,15.798507462686564,3.268292682926829,0.0197368421052631,5.634217954609229,0.0614797623334208,1.0,4.5,7.333333333333333,0.0133946421431427,0.7914438502673797,0.2085561497326203
25,antesdevenir,5.0,1.0,2.0,2.0,-0.7810218689184989,0.0093896713615023,0.0892018779342723,0.1737089201877934,0.1502347417840375,0.0234741784037558,0.0751173708920187,0.0140845070422535,0.0046948356807511,0.1501745134592056,0.0535217747092247,0.2036962881684303,0,0.0,0.0,0.0,0.9030312081287531,0.9307061517039534,0.9069083426816668,108.0,17.0,17.06439393939394,3.240740740740741,0.0129870129870129,5.64622864155577,0.0475902912112922,0.0,3.0,6.0,0.0151436483212184,0.7631578947368421,0.2368421052631578
26,antesdevenir,5.0,-1.0,3.0,-3.0,-1.215262312298383,0.0434782608695652,0.0683229813664596,0.1366459627329192,0.1677018633540372,0.062111801242236,0.0869565217391304,0.0124223602484472,0.0248447204968944,0.2504834532737732,0.099932350218296,0.3504158034920692,0,0.0,1.0,0.3504158034920692,0.8106093065633547,0.8527717591180438,0.9237787597550556,86.0,13.0,13.968253968253968,3.3488372093023258,0.032051282051282,5.231624432718573,0.0492966942810747,0.0,4.0,5.0,0.0196990424076607,0.694777397260274,0.305222602739726
27,antesdevenir,5.0,1.0,3.0,3.0,0.5786913866044946,0.0376175548589341,0.0438871473354232,0.1442006269592476,0.1410658307210031,0.0313479623824451,0.0940438871473354,0.0282131661442006,0.0470219435736677,0.0524142421782016,0.1864387243986129,0.2388529665768146,0,0.0,0.0,0.0,0.9990824670359704,1.025407892697171,0.9991982013215622,166.0,27.0,16.250871080139373,3.4457831325301207,0.0105633802816901,5.520989246819236,0.026607791502148,0.0,5.0,11.0,0.010441767068273,0.4943181818181818,0.5056818181818182
28,antesdevenir,4.0,-1.0,3.0,-3.0,-1.3757192960944864,0.0612244897959183,0.0357142857142857,0.1326530612244898,0.1836734693877551,0.0255102040816326,0.1173469387755102,0.0357142857142857,0.0204081632653061,0.011895153671503,0.5874251127243042,0.5993202663958073,-1,-0.5993202663958073,-1.0,-0.5993202663958073,0.8074990234723276,0.7767562148012314,0.7184617800143588,115.0,16.0,20.58333333333333,3.130434782608696,0.0081967213114754,6.411182091702659,0.0136550406115623,0.0,2.0,2.0,0.0137299771167048,0.7908950617283951,0.2091049382716049
29,antesdevenir,5.0,-1.0,3.0,-3.0,-0.8742728194874819,0.0465116279069767,0.0697674418604651,0.2015503875968992,0.1782945736434108,0.0620155038759689,0.0155038759689922,0.0,0.0155038759689922,0.0486801229417324,0.5735508799552917,0.6222310028970242,-1,-0.6222310028970242,-1.0,-0.6222310028970242,0.8998673868357638,0.8854208645045593,0.8631612981856696,77.0,15.0,13.206349206349206,3.168831168831169,0.0085470085470085,5.175883431522267,0.0466195569136745,0.0,2.0,8.0,0.0208475734791524,0.6398467432950191,0.3601532567049808
30,antesdevenir,5.0,-1.0,3.0,-3.0,-0.778834431763461,0.0147058823529411,0.0441176470588235,0.1323529411764706,0.1470588235294117,0.0514705882352941,0.1911764705882352,0.0294117647058823,0.0514705882352941,0.0741427093744278,0.1291878968477249,0.2033306062221527,0,0.0,0.0,0.0,0.783398672564855,0.7703151669744969,0.8990632267434107,87.0,14.0,20.769230769230777,2.9195402298850577,0.0147058823529411,7.134808154956353,0.0150200693304141,0.0,0.0,1.0,0.0169740711039828,0.5521978021978022,0.4478021978021978
31,antesdevenir,4.0,0.0,3.0,0.0,0.6461308636412922,0.0472727272727272,0.0672727272727272,0.1336363636363636,0.1809090909090909,0.0354545454545454,0.0881818181818181,0.0109090909090909,0.0227272727272727,0.2138746380805969,0.027568669989705,0.241443308070302,0,0.0,0.0,0.0,1.020591931360522,0.9875190446753662,1.044935641357332,386.0,47.0,11.22860306913463,4.678756476683938,0.0191534958478435,4.106469543128084,0.0697424962280372,0.0,23.0,70.0,0.0060763071125765,0.6672354948805461,0.3327645051194539
32,antesdevenir,,,,,-0.2721025475635242,0.0512820512820512,0.0341880341880341,0.1623931623931624,0.1965811965811965,0.0341880341880341,0.1282051282051282,0.0256410256410256,0.0256410256410256,0.7495555877685547,0.0122058317065238,0.7617614194750786,1,0.7617614194750786,1.0,0.7617614194750786,0.7220076318661872,0.6628338847802553,1.2318408510820922,75.0,15.0,20.25396825396825,2.8,0.0119047619047619,7.359538967539019,0.0047248677248677,0.0,1.0,1.0,0.0189189189189189,0.8095238095238095,0.1904761904761904
33,antesdevenir,5.0,0.0,1.0,0.0,-0.8221395410922795,0.0571428571428571,0.0,0.1,0.1571428571428571,0.0428571428571428,0.1428571428571428,0.0142857142857142,0.0,0.0043662725947797,0.8975173234939575,0.9018835960887372,-1,-0.9018835960887372,-1.0,-0.9018835960887372,0.8963594086626026,0.9502991228133956,,46.0,7.0,12.54545454545454,2.8260869565217392,0.03125,5.513383838383845,0.0168219461697722,0.0,1.0,0.0,0.0314009661835748,0.7442396313364056,0.2557603686635945
34,antesdevenir,5.0,0.0,2.0,0.0,-0.1494614601165723,0.0714285714285714,0.0753968253968253,0.1587301587301587,0.1507936507936507,0.0436507936507936,0.0714285714285714,0.0396825396825396,0.0079365079365079,0.0962436571717262,0.1381257325410843,0.2343693897128105,0,0.0,0.0,0.0,1.0531219490217194,1.1016916077973582,1.1506116158508712,109.0,16.0,11.46394230769231,3.798165137614679,0.0329218106995884,4.737661185521709,0.0293108133885536,0.0,3.0,7.0,0.0175840978593272,0.5063451776649747,0.4936548223350254
35,antesdevenir,5.0,1.0,3.0,3.0,-0.1472573844704148,0.047923322683706,0.0638977635782747,0.1405750798722044,0.1597444089456869,0.0543130990415335,0.0511182108626198,0.0415335463258785,0.047923322683706,0.2065658271312713,0.0289055258035659,0.2354713529348373,0,0.0,0.0,0.0,0.9364888917520386,0.9225850372719208,1.0062814105249351,155.0,23.0,13.948905109489054,3.509677419354839,0.0192307692307692,5.422096269635932,0.0344924062568002,2.0,6.0,10.666666666666666,0.0113950565563468,0.5513059701492538,0.4486940298507462
36,antesdevenir,5.0,0.0,3.0,0.0,-0.8555568550481607,0.0367647058823529,0.0625,0.1617647058823529,0.1580882352941176,0.0404411764705882,0.1029411764705882,0.0183823529411764,0.0367647058823529,0.4549195766448974,0.0435274206101894,0.4984469972550869,0,0.0,1.0,0.4984469972550869,0.9540136297194792,0.9793404828476032,0.9092180734521728,141.0,18.0,14.612745098039213,3.3617021276595747,0.0107296137339055,5.656518357089506,0.0302658149341503,1.0,0.5,8.333333333333334,0.0120060790273556,0.5557065217391305,0.4442934782608695
37,antesdevenir,4.0,1.0,4.0,4.0,-0.5566544607799517,0.050632911392405,0.0464135021097046,0.1265822784810126,0.160337552742616,0.0590717299578059,0.1139240506329113,0.0042194092827004,0.0,0.6105223894119263,0.0289862118661403,0.6395086012780666,1,0.6395086012780666,1.0,0.6395086012780666,1.1696586549780608,1.133798771430153,1.0576273713846136,120.0,18.0,13.535545023696686,3.5,0.0148305084745762,5.304508952080185,0.0386042656448285,0.0,2.0,8.0,0.0147058823529411,0.40625,0.59375
38,antesdevenir,5.0,0.0,3.0,0.0,-1.911213685635749,0.0389610389610389,0.0714285714285714,0.1688311688311688,0.1623376623376623,0.0194805194805194,0.0779220779220779,0.0194805194805194,0.0259740259740259,0.0309738777577877,0.185205727815628,0.2161796055734157,0,0.0,0.0,0.0,0.8943107732934715,0.9088837535499628,0.924033661826009,90.0,14.0,13.862416107382554,3.2222222222222223,0.0084033613445378,5.7196327577106505,0.027067975072361,0.0,2.0,3.0,0.0181023720349563,0.736046511627907,0.263953488372093
39,antesdevenir,5.0,0.0,3.0,0.0,-0.7207452140872038,0.0422535211267605,0.0375586854460093,0.1596244131455399,0.1830985915492957,0.0140845070422535,0.1126760563380281,0.0093896713615023,0.0422535211267605,0.3681681454181671,0.0208080820739269,0.388976227492094,0,0.0,1.0,0.388976227492094,0.6776652799548714,0.7428251453588353,0.7169881537176693,124.0,19.0,15.816831683168322,3.2419354838709675,0.015625,5.762119900522044,0.0112968873764621,1.0,1.5,2.333333333333333,0.0131785995279307,0.4833715596330275,0.5166284403669725
40,antesdevenir,5.0,1.0,3.0,3.0,-0.7181919919731361,0.036734693877551,0.0857142857142857,0.1523809523809524,0.1346938775510204,0.0503401360544217,0.1006802721088435,0.0217687074829931,0.019047619047619,0.0974283441901207,0.0284624099731445,0.1258907541632652,0,0.0,0.0,0.0,1.027571171993651,1.0111259496507794,1.011276228576901,276.0,34.0,12.217909749824642,4.427536231884058,0.0313510019392372,4.5319249702232725,0.0477379846535291,0.0,10.0,39.0,0.0080500658761528,0.6566317626527051,0.3433682373472949
41,antesdevenir,5.0,1.0,2.0,2.0,-0.6598109252793409,0.0508474576271186,0.0508474576271186,0.1694915254237288,0.1186440677966101,0.0338983050847457,0.0847457627118644,0.0169491525423728,0.0225988700564971,0.7354233860969543,0.0092271966859698,0.7446505827829242,1,0.7446505827829242,1.0,0.7446505827829242,0.9287518101402872,0.8622107854018212,0.9519727217217177,107.0,18.0,16.662721893491124,3.121495327102804,0.0204081632653061,5.917632774380427,0.0555678561863278,0.0,2.0,6.0,0.0147240345618056,0.626984126984127,0.373015873015873
42,antesdevenir,5.0,1.0,4.0,4.0,-0.7001556074266193,0.0821917808219178,0.0547945205479452,0.1461187214611872,0.182648401826484,0.0273972602739726,0.0867579908675799,0.0319634703196347,0.0273972602739726,0.163023293018341,0.0438491068780422,0.2068723998963832,0,0.0,0.0,0.0,0.9491243564547692,0.923564950189854,0.939677635301328,105.0,18.0,14.471631205673756,3.5619047619047617,0.0138248847926267,5.129446912425601,0.0360385462248816,0.0,1.0,6.0,0.0171245421245421,0.585,0.415
43,antesdevenir,5.0,0.0,1.0,0.0,-1.104985713801202,0.0991735537190082,0.0413223140495867,0.1900826446280991,0.1900826446280991,0.024793388429752,0.0495867768595041,0.0,0.0330578512396694,0.2090456634759903,0.0374497473239898,0.2464954107999801,0,0.0,0.0,0.0,0.7747725482629462,0.9066821349437836,0.8723015070330556,76.0,15.0,13.805309734513274,2.921052631578948,0.0131578947368421,6.195932308647726,0.0306403143781784,0.0,2.0,2.0,0.0194736842105263,0.6958128078817734,0.3041871921182266
44,antesdevenir,5.0,1.0,4.0,4.0,-1.0408903013885586,0.0520231213872832,0.0693641618497109,0.1791907514450867,0.1618497109826589,0.0751445086705202,0.1040462427745664,0.0057803468208092,0.0,0.0677331089973449,0.2518048882484436,0.3195379972457886,0,0.0,-1.0,-0.3195379972457886,0.7053144999322006,0.743170401788571,0.6861562612687566,110.0,17.0,19.28484848484849,2.909090909090909,0.0133928571428571,6.715420426112798,0.0117856133765224,0.0,1.0,2.0,0.0133444537114261,0.6535904255319149,0.3464095744680851
45,antesdevenir,5.0,1.0,4.0,4.0,-0.3318387289458273,0.0737527114967462,0.0672451193058568,0.1258134490238611,0.1865509761388286,0.0173535791757049,0.0780911062906724,0.0065075921908893,0.0433839479392624,0.0218632072210311,0.2959454655647278,0.3178086727857589,0,0.0,-1.0,-0.3178086727857589,1.0349633297761054,1.0769164402158855,0.9415368277519598,193.0,27.0,11.658075601374568,4.020725388601036,0.0159271899886234,4.645671972652837,0.0395577802820408,0.0,5.0,20.0,0.0104706390328151,0.553680981595092,0.4463190184049079
46,antesdevenir,5.0,0.0,4.0,0.0,-0.694123165480016,0.0608108108108108,0.0472972972972973,0.1418918918918918,0.1554054054054054,0.0135135135135135,0.1216216216216216,0.027027027027027,0.0472972972972973,0.0989792719483375,0.053900372236967,0.1528796441853046,0,0.0,0.0,0.0,0.852212478898397,0.7907116249445012,0.6161618665967938,82.0,13.0,12.790441176470583,3.2439024390243905,0.0185185185185185,5.431724033335123,0.0353926561243634,1.0,1.5,3.333333333333333,0.0200240891297801,0.7032258064516129,0.2967741935483871
47,antesdevenir,4.0,0.0,2.0,0.0,-1.5797518979472174,0.015625,0.09375,0.109375,0.171875,0.0625,0.15625,0.0,0.0625,0.0038553609047085,0.9192999005317688,0.9231552614364772,-1,-0.9231552614364772,-1.0,-0.9231552614364772,0.8525836721322398,0.7639184956146565,0.9328999820962902,41.0,9.0,17.084745762711865,2.6341463414634148,0.0,6.849524596940866,0.0174796747967479,0.0,1.0,1.0,0.0329268292682926,0.6831797235023042,0.3168202764976958
48,antesdevenir,4.0,0.0,2.0,0.0,-0.5093271283081953,0.0384615384615384,0.0769230769230769,0.1778846153846154,0.1538461538461538,0.0336538461538461,0.0673076923076923,0.0192307692307692,0.0144230769230769,0.2750728130340576,0.0225902758538723,0.2976630888879299,0,0.0,0.0,0.0,1.0025622655654376,1.011904717208879,1.069760040288024,119.0,17.0,17.595,3.310924369747899,0.0208333333333333,5.578069185301473,0.037046266470389,0.0,0.0,8.0,0.0140293405497792,0.8537735849056604,0.1462264150943396
49,antesdevenir,5.0,-1.0,3.0,-3.0,-0.28719510678848,0.067193675889328,0.0711462450592885,0.1857707509881423,0.1936758893280632,0.0316205533596837,0.075098814229249,0.0079051383399209,0.0039525691699604,0.0206993650645017,0.3322488963603973,0.3529482614248991,0,0.0,-1.0,-0.3529482614248991,0.957158830707232,0.8932655184047488,1.0154741053165104,129.0,18.0,13.421739130434782,3.550387596899225,0.0147540983606557,5.067092707281245,0.0638823744110901,0.0,4.0,15.0,0.0138687015503875,0.507177033492823,0.492822966507177
50,antesdevenir,3.0,0.0,4.0,0.0,-0.8055828237360458,0.0153846153846153,0.0717948717948717,0.1641025641025641,0.1692307692307692,0.041025641025641,0.123076923076923,0.0205128205128205,0.0102564102564102,0.8897945880889893,0.0047345384955406,0.8945291265845299,1,0.8945291265845299,1.0,0.8945291265845299,0.880991457737073,0.8201299484233934,0.881646009932454,111.0,17.0,18.519553072625705,3.2072072072072078,0.0111940298507462,6.245423432574222,0.0269298519298519,0.0,2.0,3.0,0.0145782145782145,0.7418154761904762,0.2581845238095238
51,antesdevenir,4.0,1.0,2.0,2.0,-0.7406332995795868,0.0350877192982456,0.087719298245614,0.2017543859649122,0.1578947368421052,0.0087719298245614,0.1052631578947368,0.0,0.0087719298245614,0.0780436098575592,0.1074100211262703,0.1854536309838295,0,0.0,0.0,0.0,0.6632210541340768,0.7960500063883773,0.6292795043090035,64.0,11.0,12.839805825242715,3.125,0.00625,5.292598532131128,0.076596038510101,0.0,2.0,9.0,0.0248015873015873,0.4476744186046512,0.5523255813953488
52,antesdevenir,2.0,-1.0,3.0,-3.0,-1.6530451111614843,0.0,0.0111111111111111,0.1444444444444444,0.1,0.0222222222222222,0.1777777777777777,0.0111111111111111,0.0222222222222222,0.0033727614209055,0.9392377734184264,0.942610534839332,-1,-0.942610534839332,-1.0,-0.942610534839332,0.6254219658537687,0.7907827342685115,0.9476932903624634,57.0,10.0,15.18235294117647,2.8771929824561404,0.0,6.155461570593111,0.0102339181286549,1.0,0.5,1.3333333333333333,0.0256892230576441,0.5762032085561497,0.4237967914438502
53,antesdevenir,5.0,0.0,3.0,0.0,-1.1051664460022514,0.042042042042042,0.057057057057057,0.1801801801801801,0.1621621621621621,0.033033033033033,0.084084084084084,0.006006006006006,0.024024024024024,0.0419137477874755,0.156158909201622,0.1980726569890976,0,0.0,0.0,0.0,0.8300400710392737,0.8142156232650847,0.7520594145427865,153.0,21.0,11.748858447488583,3.803921568627451,0.026595744680851,4.968521601142642,0.0621478887366104,0.0,3.0,16.0,0.0125128998968008,0.6932565789473685,0.3067434210526316
54,antesdevenir,4.0,0.0,1.0,0.0,-0.1725926543702385,0.0264550264550264,0.0476190476190476,0.1481481481481481,0.164021164021164,0.037037037037037,0.1481481481481481,0.0,0.0105820105820105,0.0597469955682754,0.1250117123126983,0.1847587078809738,0,0.0,0.0,0.0,0.8444422259294918,0.9388211263041466,0.7597142387885493,107.0,17.0,15.842696629213489,3.2710280373831777,0.0111940298507462,5.791637194821656,0.0491754652680831,0.0,4.0,7.0,0.0154293775348263,0.5959409594095941,0.4040590405904059
55,antesdevenir,5.0,0.0,1.0,0.0,-1.6809033553137116,0.0621468926553672,0.0677966101694915,0.1299435028248587,0.1525423728813559,0.0282485875706214,0.1412429378531073,0.0508474576271186,0.0056497175141242,0.033237662166357,0.2281831502914428,0.2614208124577999,0,0.0,0.0,0.0,0.7154055050073562,0.7270933493418107,0.6080624627094658,103.0,17.0,22.52727272727273,3.1650485436893203,0.0205479452054794,6.3035745807592845,0.0373861478536754,0.0,3.0,8.0,0.0155149438416143,0.3268428372739916,0.6731571627260083
56,antesdevenir,5.0,0.0,1.0,0.0,-1.6327768511166,0.0693069306930693,0.0594059405940594,0.1782178217821782,0.1782178217821782,0.0198019801980198,0.0693069306930693,0.0,0.0396039603960396,0.1695509254932403,0.0738294646143913,0.2433803901076316,0,0.0,0.0,0.0,0.9594827727858044,1.1607111919113573,0.9692381859821932,61.0,10.0,15.053763440860209,2.950819672131148,0.01,6.029829406349808,0.0317726444775625,0.0,0.0,3.0,0.0245901639344262,0.8413978494623656,0.1586021505376344
57,antesdevenir,5.0,0.0,3.0,0.0,-0.0327648791455331,0.0305676855895196,0.056768558951965,0.1921397379912663,0.1572052401746725,0.0349344978165938,0.074235807860262,0.0087336244541484,0.0174672489082969,0.3322148025035858,0.0231499727815389,0.3553647752851248,0,0.0,1.0,0.3553647752851248,0.7563780169735457,0.8541872029874724,0.7928837783501528,120.0,17.0,13.15384615384616,3.45,0.0055350553505535,5.183401677978793,0.0576028693528693,0.0,4.0,13.0,0.0144957983193277,0.4655172413793103,0.5344827586206896
58,antesdevenir,,,,,-0.5393204112460673,0.0479041916167664,0.0628742514970059,0.155688622754491,0.1826347305389221,0.0269461077844311,0.0778443113772455,0.0059880239520958,0.0568862275449101,0.2752333283424377,0.0536413639783859,0.3288746923208236,0,0.0,1.0,0.3288746923208236,0.8442359498559828,0.763218154334579,0.8344805727512208,172.0,24.0,14.885761589403977,3.5,0.0101123595505617,5.508421885415616,0.0316864891413157,1.0,0.5,11.333333333333334,0.0102339181286549,0.2179487179487179,0.782051282051282
59,antesdevenir,5.0,0.0,1.0,0.0,0.1894338076060206,0.0481540930979133,0.0690208667736757,0.1444622792937399,0.1685393258426966,0.0513643659711075,0.0802568218298555,0.0112359550561797,0.0192616372391653,0.0236386638134717,0.2416965812444687,0.2653352450579405,0,0.0,0.0,0.0,1.1291911428743384,1.1206300265301825,1.1331095857465612,255.0,31.0,14.589928057553957,4.36078431372549,0.0242681047765793,4.648814543546877,0.0625127991608909,1.0,10.5,34.333333333333336,0.0085842210900108,0.775709219858156,0.2242907801418439
60,antesdevenir,5.0,0.0,3.0,0.0,-1.5269258569755335,0.0258620689655172,0.0086206896551724,0.146551724137931,0.1379310344827586,0.0603448275862069,0.0862068965517241,0.0086206896551724,0.0258620689655172,0.738908588886261,0.0137684224173426,0.7526770113036036,1,0.7526770113036036,1.0,0.7526770113036036,0.8934105347954888,0.92730356139984,0.9427563325292492,77.0,13.0,13.85840707964602,2.935064935064935,0.0070422535211267,6.107631306746383,0.024525726798454,1.0,0.5,3.333333333333333,0.0193096377306903,0.5104938271604939,0.4895061728395061
61,antesdevenir,3.0,0.0,1.0,0.0,0.0643119694284409,0.0769230769230769,0.0989010989010989,0.1538461538461538,0.1758241758241758,0.0,0.1428571428571428,0.0,0.0549450549450549,0.2395443022251129,0.0599544048309326,0.2994987070560455,0,0.0,0.0,0.0,0.7511090378252014,0.737081526876566,0.692261551575373,60.0,10.0,14.651162790697676,2.833333333333333,0.0277777777777777,6.5826763894363785,0.020297619047619,0.0,1.0,1.0,0.0240112994350282,0.8075539568345323,0.1924460431654676
62,antesdevenir,5.0,0.0,4.0,0.0,-0.5806362234889286,0.0711297071129707,0.0502092050209205,0.1297071129707113,0.200836820083682,0.0376569037656903,0.1422594142259414,0.00836820083682,0.0125523012552301,0.0873527601361274,0.1110005229711532,0.1983532831072807,0,0.0,0.0,0.0,1.0191148364872815,0.9898671907488362,1.013799367577903,117.0,17.0,14.577499999999995,3.4017094017094016,0.0184331797235023,5.4718196777678605,0.0206125514932649,0.0,2.0,4.0,0.0146625405246094,0.768,0.232
63,antesdevenir,5.0,1.0,4.0,4.0,0.8900955704985195,0.0105540897097625,0.0606860158311345,0.1952506596306068,0.1160949868073878,0.0316622691292876,0.1029023746701846,0.0184696569920844,0.0369393139841688,0.4023750722408294,0.0139581346884369,0.4163332069292664,0,0.0,1.0,0.4163332069292664,0.8150699868679592,0.8900795345920407,0.8499738327759929,196.0,27.0,19.0,3.4693877551020407,0.0180851063829787,5.683464360103452,0.0213077580480989,0.0,1.0,7.0,0.0088958660387231,0.4014869888475836,0.5985130111524164
64,antesdevenir,4.0,-1.0,2.0,-2.0,-1.53125,0.055,0.045,0.17,0.165,0.035,0.08,0.01,0.01,0.5225415825843811,0.0132511258125305,0.5357927083969116,1,0.5357927083969116,1.0,0.5357927083969116,0.8978709541359002,0.8653584503957914,1.0848109063683369,115.0,18.0,13.908602150537638,3.234782608695652,0.0193236714975845,5.489448805120426,0.0425469898104169,0.0,2.0,6.0,0.0141876430205949,0.7050092764378478,0.2949907235621521
65,antesdevenir,5.0,0.0,3.0,0.0,0.7768193328323317,0.026378896882494,0.0935251798561151,0.1654676258992805,0.1342925659472422,0.0695443645083932,0.1007194244604316,0.0023980815347721,0.014388489208633,0.4160285592079162,0.017793845385313,0.4338224045932293,0,0.0,1.0,0.4338224045932293,1.0718588851403137,0.9963239843944492,0.9736238193242508,181.0,26.0,13.78627968337731,4.165745856353591,0.0353383458646616,4.689676531295837,0.0508839221922344,0.0,8.0,22.0,0.0115715162676488,0.5592948717948718,0.4407051282051282
