Sujetos,Condición,Recuerdo_autop,Valencia_autop,Intensidad_autop,ValeInt_autop,num_palabras_unicas_norm,primera_persona_norm,tercera_persona_norm,num noun norm,num verb norm,num adj norm,num advs norm,num numeral norm,num propn norm,Positivo pysent,Negativo pysent,Intensidad pysent,cohe_norm_d=1,cohe_norm_d=2,cohe_norm_d=3,num_nodes_LSC,Comunidades_LSC,diámetro,k_mean,transitivity,ASP,average_CC,selfloops,L2,L3,density,Detalles internos norm,Detalles externos norm
1,cfk,2.0,-1.0,1.0,-1.0,-0.7382750541751716,0.0387596899224806,0.0930232558139534,0.1472868217054263,0.1317829457364341,0.0232558139534883,0.1240310077519379,0.0,0.0,0.0166240446269512,0.4034367799758911,0.4200608246028423,1.0216834205987555,1.022374042788776,1.1423829869609277,74.0,13.0,12.099999999999998,3.2432432432432434,0.0053763440860215,5.1181630260397,0.0112959112959112,0.0,2.0,2.0,0.0222139948167345,0.5971074380165289,0.402892561983471
2,cfk,2.0,0.0,2.0,0.0,-0.7431850128076443,0.0289855072463768,0.0821256038647343,0.144927536231884,0.1400966183574879,0.0096618357487922,0.0966183574879227,0.0,0.0338164251207729,0.0254290346056222,0.2024950385093689,0.2279240731149912,0.98395882239834,0.9107010642284032,1.008535975883593,97.0,13.0,12.166666666666666,3.690721649484536,0.0277777777777777,4.701514644016253,0.0525226333622969,1.0,2.5,9.333333333333334,0.0192225085910652,0.5907172995780591,0.4092827004219409
3,cfk,3.0,0.0,3.0,0.0,0.6975627879254396,0.0436241610738255,0.0771812080536912,0.1812080536912751,0.1375838926174496,0.0302013422818791,0.087248322147651,0.0167785234899328,0.0067114093959731,0.0166036523878574,0.7175487875938416,0.734152439981699,1.0034768991475365,1.0132309984013388,0.9876536516775254,148.0,21.0,17.643678160919542,3.527027027027027,0.0176282051282051,5.565610708057383,0.0494938444666705,0.0,2.0,13.0,0.0119966905681191,0.7768987341772152,0.2231012658227848
4,cfk,3.0,0.0,4.0,0.0,-0.2021252491016237,0.0465116279069767,0.089922480620155,0.1720930232558139,0.117829457364341,0.0387596899224806,0.0976744186046511,0.0077519379844961,0.0201550387596899,0.0287892464548349,0.1633449345827102,0.1921341810375452,0.9680434598874752,0.9039275523787206,0.867820074661477,268.0,35.0,15.879496402877692,4.149253731343284,0.020684168655529,4.68040482254515,0.0379831931266795,0.0,6.0,27.0,0.0077701380736765,0.5804115853658537,0.4195884146341463
5,cfk,1.0,0.0,2.0,0.0,-0.6209856918333596,0.0416666666666666,0.0375,0.1291666666666666,0.1208333333333333,0.0291666666666666,0.1375,0.0083333333333333,0.0166666666666666,0.0835839882493019,0.2085214555263519,0.2921054437756538,0.9842899803929028,0.8975279354822486,0.9372747345062256,118.0,16.0,14.458525345622114,3.6440677966101696,0.0169491525423728,5.116484562356132,0.0352395835126704,1.0,2.5,10.333333333333334,0.0155729393017528,0.6387931034482759,0.3612068965517241
6,cfk,3.0,0.0,2.0,0.0,0.1101801080517119,0.0392156862745098,0.0392156862745098,0.1416122004357298,0.1372549019607843,0.0435729847494553,0.0849673202614379,0.0,0.0392156862745098,0.0084666702896356,0.7558188438415527,0.7642855141311884,0.9188096497467304,0.9297773639335004,0.9265774087121578,192.0,22.0,13.262867647058826,4.25,0.0343468468468468,4.662184414219077,0.06453031725213,3.0,10.5,33.0,0.0111256544502617,0.7016632016632016,0.2983367983367983
7,cfk,2.0,-1.0,3.0,-3.0,-0.8933574069972472,0.0319148936170212,0.0851063829787234,0.1134751773049645,0.1170212765957446,0.0638297872340425,0.0744680851063829,0.0035460992907801,0.0106382978723404,0.0064716474153101,0.7870644927024841,0.7935361401177943,0.9968488557107026,1.0072878760333817,0.997458238679742,140.0,19.0,13.885057471264371,3.7285714285714286,0.0334987593052109,4.833166767078738,0.0721723812764185,1.0,2.5,23.33333333333333,0.0134121274409044,0.6792452830188679,0.320754716981132
8,cfk,1.0,-1.0,5.0,-5.0,-1.2951132825219438,0.056910569105691,0.048780487804878,0.2276422764227642,0.1382113821138211,0.024390243902439,0.073170731707317,0.0,0.0,0.0156185291707515,0.3555334210395813,0.3711519502103328,0.8987851357903661,0.8712440875061793,0.7202832029573913,68.0,12.0,15.362831858407084,3.235294117647059,0.0147058823529411,5.585356662807706,0.0317945126768656,0.0,0.0,5.0,0.0241439859525899,0.7205882352941176,0.2794117647058823
9,cfk,2.0,0.0,2.0,0.0,-0.8395072691003546,0.0428571428571428,0.0952380952380952,0.1380952380952381,0.1523809523809524,0.0333333333333333,0.0833333333333333,0.0,0.0333333333333333,0.0127679985016584,0.4706475436687469,0.4834155421704054,0.8825717254561287,0.9324436383240045,0.8405068317232474,185.0,28.0,13.205431754874652,3.881081081081081,0.027027027027027,4.818631393912227,0.0461961502651843,0.0,7.0,20.0,0.0105464159811985,0.7365470852017937,0.2634529147982062
10,cfk,2.0,-1.0,3.0,-3.0,-0.616937583372962,0.0262626262626262,0.0909090909090909,0.1232323232323232,0.1414141414141414,0.0383838383838383,0.0565656565656565,0.0121212121212121,0.0141414141414141,0.0074920356273651,0.7993025779724121,0.8067946135997772,0.978648598219411,1.006544472784028,0.946586502274588,177.0,22.0,11.19625,4.519774011299435,0.0326192794547224,4.115206494111113,0.0810308342363135,0.0,8.0,33.0,0.0128402670775552,0.8164556962025317,0.1835443037974683
11,cfk,1.0,0.0,2.0,0.0,-1.3822012694774153,0.0128205128205128,0.0769230769230769,0.173076923076923,0.0641025641025641,0.0512820512820512,0.1025641025641025,0.0,0.0256410256410256,0.0072561600245535,0.7985625267028809,0.8058186867274344,1.0231161798769344,1.031964996346929,1.1435277266865709,85.0,13.0,12.447849462365587,3.5764705882352943,0.0261904761904761,4.791756498298313,0.0670488343796659,0.0,5.0,11.0,0.0212885154061624,0.4198717948717949,0.5801282051282052
12,cfk,1.0,0.0,3.0,0.0,0.1015475952240624,0.0844155844155844,0.0584415584415584,0.0909090909090909,0.1233766233766233,0.0519480519480519,0.0519480519480519,0.0,0.0584415584415584,0.0074039618484675,0.8559163212776184,0.863320283126086,0.9785414534197352,0.8860289773830783,0.8841643861747802,84.0,14.0,13.200704225352112,3.333333333333333,0.0218978102189781,5.198761713520786,0.0177249117725308,0.0,1.0,2.0,0.0200803212851405,0.7980769230769231,0.2019230769230769
13,cfk,1.0,-1.0,1.0,-1.0,-1.1690172624546746,0.024,0.064,0.136,0.12,0.032,0.08,0.0,0.056,0.0325628817081451,0.3071638941764831,0.3397267758846283,0.7887128076720199,0.7517002400273859,0.5646978299845494,67.0,10.0,13.391304347826088,3.253731343283582,0.0434782608695652,5.360178684967848,0.0497609989269339,0.0,0.0,6.0,0.0246494798733604,0.4963768115942029,0.5036231884057971
14,cfk,1.0,-1.0,3.0,-3.0,-0.9497260939663748,0.0305343511450381,0.0687022900763358,0.1068702290076335,0.1297709923664122,0.015267175572519,0.1297709923664122,0.0,0.0305343511450381,0.0295927003026008,0.1350685209035873,0.1646612212061882,0.9301403388123826,0.8183381794217964,0.5064747938987012,81.0,15.0,16.740000000000002,3.037037037037037,0.01,5.9856666666667335,0.0207234009703145,0.0,1.0,5.0,0.0189814814814814,0.6678321678321678,0.3321678321678322
15,cfk,2.0,0.0,3.0,0.0,-0.6542186285407047,0.0359712230215827,0.0647482014388489,0.1654676258992805,0.1510791366906475,0.0071942446043165,0.0863309352517985,0.0,0.0215827338129496,0.0172805786132812,0.6289296746253967,0.646210253238678,0.9210405157775844,1.0163483167681442,1.0929085302887505,81.0,12.0,14.50746268656716,3.308641975308642,0.0132450331125827,5.124709784411186,0.0542774723057947,1.0,0.5,8.333333333333334,0.020679012345679,0.6540880503144654,0.3459119496855345
16,cfk,5.0,0.0,4.0,0.0,0.2112885636821291,0.0395256916996047,0.0553359683794466,0.150197628458498,0.1185770750988142,0.0316205533596837,0.0592885375494071,0.0079051383399209,0.0197628458498023,0.0661522895097732,0.1612080931663513,0.2273603826761245,0.9354866897327134,0.9766827360761284,0.9748845519704616,131.0,18.0,15.975,3.541984732824428,0.0165289256198347,5.362396506165811,0.0200457484300511,0.0,1.0,4.0,0.0136230182031708,0.8298076923076924,0.1701923076923077
17,cfk,4.0,-1.0,3.0,-3.0,-0.2312054103922841,0.0797413793103448,0.0323275862068965,0.1314655172413793,0.1551724137931034,0.0452586206896551,0.1293103448275862,0.021551724137931,0.0193965517241379,0.0186731349676847,0.3486699163913727,0.3673430513590574,0.9954783360454854,1.0338989191963657,1.0093723556786307,174.0,23.0,12.005141388174804,4.471264367816092,0.0449927431059506,4.643154538493878,0.0637447733184984,2.0,6.0,29.666666666666668,0.0129227293867517,0.6242632612966601,0.3757367387033399
18,cfk,5.0,0.0,3.0,0.0,0.105867896016546,0.0217391304347826,0.0543478260869565,0.1702898550724637,0.1159420289855072,0.0543478260869565,0.0597826086956521,0.0090579710144927,0.0163043478260869,0.0266814995557069,0.079702652990818,0.106384152546525,1.069723803849656,1.0138133271807546,1.0700240538168195,212.0,28.0,13.662470430936953,4.358490566037736,0.0263157894736842,4.557940105686542,0.082129521617627,0.0,4.0,32.0,0.0103281766967718,0.4735663082437276,0.5264336917562724
19,cfk,1.0,0.0,2.0,0.0,-0.1973691619973156,0.0359712230215827,0.0647482014388489,0.1438848920863309,0.1294964028776978,0.0071942446043165,0.1151079136690647,0.0,0.0215827338129496,0.054978534579277,0.1260147988796234,0.1809933334589004,0.8981350327367634,1.1102254576753836,0.8614448808570163,80.0,14.0,14.713178294573645,3.15,0.0048076923076923,5.477566807313622,0.0280505775497497,1.0,3.5,4.333333333333333,0.0199367088607594,0.5,0.5
20,cfk,,,,,-1.0250196296412653,0.0447154471544715,0.040650406504065,0.0975609756097561,0.1707317073170731,0.048780487804878,0.1260162601626016,0.0040650406504065,0.008130081300813,0.0211676470935344,0.1631556898355484,0.1843233369290828,0.822265512748484,0.795514154934034,0.7091810884987029,114.0,17.0,12.69097222222222,3.789473684210526,0.0426136363636363,4.6506453521134565,0.0944300143778191,1.0,3.5,24.33333333333333,0.0167675826734979,0.5598591549295775,0.4401408450704225
21,cfk,2.0,-1.0,3.0,-3.0,-0.8711743680389249,0.0326086956521739,0.0543478260869565,0.1630434782608695,0.1956521739130435,0.0271739130434782,0.0978260869565217,0.0,0.0108695652173913,0.0238591823726892,0.3681704998016357,0.392029682174325,1.0620723280879538,1.02965436779496,1.0231237755809053,109.0,18.0,17.965909090909093,3.229357798165138,0.0261437908496732,6.038445907855309,0.0261999633154517,1.0,3.5,3.333333333333333,0.0149507305470608,0.5604265402843602,0.4395734597156398
22,cfk,2.0,-1.0,1.0,-1.0,-1.190667069028099,0.012012012012012,0.093093093093093,0.1531531531531531,0.1141141141141141,0.039039039039039,0.1471471471471471,0.03003003003003,0.021021021021021,0.0216218885034322,0.3162060081958771,0.3378278966993093,0.9178155198827646,0.9294354396521516,0.9805082140764976,157.0,23.0,15.467796610169492,3.707006369426752,0.0141388174807197,5.287785514652271,0.0363453369045614,2.0,7.0,13.666666666666666,0.0118814306712395,0.7965976331360947,0.2034023668639053
23,cfk,1.0,-1.0,1.0,-1.0,0.0762583339155383,0.0256410256410256,0.0549450549450549,0.1282051282051282,0.1282051282051282,0.0695970695970696,0.0915750915750915,0.0,0.0036630036630036,0.0132137592881917,0.6548001170158386,0.6680138763040304,1.0543657690003168,1.0256393566683335,1.0409768420292802,131.0,20.0,14.74205020920502,3.648854961832061,0.0138461538461538,4.833179691101605,0.0263143205769506,0.0,6.0,8.0,0.0140340575455079,0.7178571428571429,0.2821428571428571
24,cfk,5.0,0.0,5.0,0.0,0.2501115490499472,0.054054054054054,0.0864864864864864,0.1459459459459459,0.127027027027027,0.027027027027027,0.0756756756756756,0.0216216216216216,0.0216216216216216,0.1474213749170303,0.0459041483700275,0.1933255232870578,1.0950809042608562,1.06800961371854,1.068449376917773,170.0,22.0,13.573170731707316,3.823529411764706,0.0264054514480408,4.983092365066705,0.0653095784145415,0.0,5.0,21.0,0.0113122171945701,0.7914438502673797,0.2085561497326203
25,cfk,4.0,-1.0,2.0,-2.0,-0.5060141685950839,0.0277777777777777,0.0277777777777777,0.1388888888888889,0.1296296296296296,0.0185185185185185,0.0879629629629629,0.0092592592592592,0.0092592592592592,0.064882107079029,0.2476576119661331,0.3125397190451622,0.9660610596009102,1.0389248747366258,1.0261995898300618,115.0,18.0,11.74137931034483,3.530434782608696,0.0100401606425702,5.002601218188878,0.0389099099252551,0.0,2.0,6.0,0.015484363081617,0.7631578947368421,0.2368421052631578
26,cfk,3.0,-1.0,3.0,-3.0,0.9114467342237872,0.0157977883096366,0.1121642969984202,0.1390205371248025,0.1406003159557662,0.0268562401263823,0.0947867298578199,0.0063191153238546,0.0268562401263823,0.1016684025526046,0.1104718148708343,0.212140217423439,1.003709422672569,1.0229797515052443,1.0790437844389866,254.0,33.0,11.630434782608694,4.346456692913386,0.0217216411906677,4.601037910248355,0.0546030001241208,1.0,8.5,49.333333333333336,0.0085898353614889,0.694777397260274,0.305222602739726
27,cfk,1.0,-1.0,1.0,-1.0,-0.6751399510385769,0.043010752688172,0.064516129032258,0.1424731182795699,0.1290322580645161,0.0349462365591397,0.1720430107526881,0.0026881720430107,0.0053763440860215,0.0132909398525953,0.4721169769763946,0.48540791682899,0.9897558410447732,0.9977851877252796,1.009409493199769,147.0,19.0,15.49044585987261,4.272108843537415,0.0323679727427597,4.79530698988551,0.0486630044799277,2.0,5.0,20.666666666666668,0.0146305097381418,0.4943181818181818,0.5056818181818182
28,cfk,2.0,-1.0,3.0,-3.0,-0.9025883212471764,0.0262295081967213,0.0786885245901639,0.1737704918032787,0.1475409836065573,0.0163934426229508,0.101639344262295,0.0,0.0163934426229508,0.0143534643575549,0.4815908670425415,0.4959443314000964,1.074616998192138,1.0728708924656414,1.052094460601925,129.0,20.0,10.842007434944238,4.155038759689923,0.0295629820051413,4.662478822056084,0.0353077943741418,1.0,4.5,16.333333333333332,0.0162306201550387,0.7908950617283951,0.2091049382716049
29,cfk,4.0,0.0,4.0,0.0,-0.153718297931865,0.052,0.08,0.16,0.18,0.02,0.084,0.008,0.024,0.0141081288456916,0.5294551253318787,0.5435632541775703,1.0685750947024344,0.9946189252169108,0.8999922497663913,145.0,24.0,16.489361702127653,3.2,0.0095419847328244,5.935546928072445,0.0336456022299942,0.0,4.0,6.0,0.0111111111111111,0.6398467432950191,0.3601532567049808
30,cfk,2.0,-1.0,3.0,-3.0,0.3682860491284584,0.0380116959064327,0.0906432748538011,0.1491228070175438,0.1228070175438596,0.0350877192982456,0.0789473684210526,0.0,0.0204678362573099,0.0428852178156375,0.3562701940536499,0.3991554118692875,0.8841138584265437,0.8813892788823616,0.928632652476993,159.0,20.0,15.447540983606558,3.836477987421384,0.0388994307400379,4.990483509326959,0.0628012623709204,0.0,8.0,22.0,0.0121407531247512,0.5521978021978022,0.4478021978021978
31,cfk,4.0,0.0,3.0,0.0,-0.1966485237169149,0.0396634615384615,0.0540865384615384,0.1490384615384615,0.1466346153846154,0.0372596153846153,0.0877403846153846,0.0084134615384615,0.0228365384615384,0.0521011725068092,0.1113839820027351,0.1634851545095443,0.9574183147835356,0.9226751289619924,0.9595034410177592,297.0,35.0,15.077809798270891,4.646464646464646,0.0305113880532874,4.472273595579792,0.0726578632942224,3.0,10.5,51.0,0.0078487578487578,0.6672354948805461,0.3327645051194539
32,cfk,,,,,0.4761794582361673,0.0486486486486486,0.0216216216216216,0.1675675675675675,0.1621621621621621,0.0432432432432432,0.054054054054054,0.0108108108108108,0.0054054054054054,0.2483652532100677,0.0189319495111703,0.2672972027212381,0.7361964947706271,1.0947871135394165,0.8489933994320045,103.0,17.0,14.912790697674414,3.320388349514563,0.0220125786163522,5.385498615040058,0.0401209092956665,0.0,3.0,6.0,0.0162764134780125,0.8095238095238095,0.1904761904761904
33,cfk,3.0,-1.0,2.0,-2.0,0.0964521249326138,0.0523809523809523,0.0619047619047619,0.1428571428571428,0.1714285714285714,0.0380952380952381,0.0666666666666666,0.0,0.019047619047619,0.0183454696089029,0.4061866402626037,0.4245321098715067,0.7774453112152239,0.800351400230731,0.8384910885961763,116.0,18.0,14.522727272727275,3.396551724137931,0.0338164251207729,5.613669680311208,0.0466444235840787,1.0,2.5,9.333333333333334,0.014767616191904,0.7442396313364056,0.2557603686635945
34,cfk,3.0,-1.0,2.0,-2.0,-0.8433896678006592,0.04,0.0285714285714285,0.1485714285714285,0.1257142857142857,0.0228571428571428,0.1142857142857142,0.0,0.0342857142857142,0.0214865133166313,0.5331117510795593,0.5545982643961906,0.8708652008657599,0.8552821714644427,0.9243530763402892,92.0,15.0,12.90243902439024,3.565217391304348,0.0335570469798657,5.200672295184544,0.0472280774071055,0.0,0.0,7.0,0.0195891065456282,0.5063451776649747,0.4936548223350254
35,cfk,2.0,0.0,2.0,0.0,0.3058422600539383,0.0292887029288702,0.0815899581589958,0.1631799163179916,0.1443514644351464,0.0230125523012552,0.0648535564853556,0.00418410041841,0.0460251046025104,0.1072921305894851,0.0880122259259224,0.1953043565154075,1.0722271198193514,1.067559980797809,1.034192482393952,177.0,22.0,14.56352841391009,4.429378531073446,0.032017075773746,4.638069197386446,0.0814203227716226,1.0,9.5,30.33333333333333,0.0125834617360041,0.5513059701492538,0.4486940298507462
36,cfk,3.0,-1.0,4.0,-4.0,-0.8435742660418839,0.033033033033033,0.027027027027027,0.1651651651651651,0.1411411411411411,0.036036036036036,0.1141141141141141,0.0,0.018018018018018,0.0089676557108759,0.7976911067962646,0.8066587625071406,0.8713463081013699,0.834862831358595,0.8995877081054771,152.0,21.0,11.438356164383558,3.8157894736842106,0.0137795275590551,4.795440618778135,0.0302174541665632,1.0,9.5,11.333333333333334,0.012635064482398,0.5557065217391305,0.4442934782608695
37,cfk,1.0,1.0,2.0,2.0,-1.320689995183807,0.0439024390243902,0.0682926829268292,0.1219512195121951,0.1804878048780487,0.048780487804878,0.1121951219512195,0.0,0.0195121951219512,0.0123269204050302,0.6047999262809753,0.6171268466860056,0.7985102155220255,0.8864732311995291,0.7794392919522182,92.0,14.0,12.819767441860462,3.717391304347826,0.0241935483870967,4.769143268258516,0.0389865991496426,0.0,3.0,7.0,0.020425226946966,0.40625,0.59375
38,cfk,2.0,-1.0,4.0,-4.0,0.2940328747131921,0.0413625304136253,0.0827250608272506,0.1265206812652068,0.1362530413625304,0.0364963503649635,0.0656934306569343,0.0048661800486618,0.024330900243309,0.0115104168653488,0.6474918723106384,0.6590022891759872,0.9315815826575962,0.9029922321285724,0.95358196346431,154.0,22.0,11.738505747126435,4.5064935064935066,0.063164108618654,4.298002319469559,0.0786477908026373,0.0,7.0,34.0,0.014727102962397,0.736046511627907,0.263953488372093
39,cfk,2.0,0.0,2.0,0.0,-0.4333314784082574,0.0467532467532467,0.0415584415584415,0.1246753246753246,0.1636363636363636,0.0389610389610389,0.1064935064935064,0.0,0.0207792207792207,0.0416487231850624,0.149945929646492,0.1915946528315544,0.8389819455727019,0.8088084439759451,0.8867143694263926,149.0,20.0,10.816950633464396,4.389261744966443,0.034074074074074,4.222107001492551,0.053308453698143,0.0,14.0,19.0,0.0148285869762379,0.4833715596330275,0.5166284403669725
40,cfk,4.0,-1.0,3.0,-3.0,-0.0044608198259198,0.0580235720761559,0.0553037171350861,0.1260199456029011,0.1514052583862194,0.0462375339981867,0.0979147778785131,0.0072529465095194,0.0145058930190389,0.0218740869313478,0.2592323720455169,0.2811064589768648,0.988649382439404,0.968774025227402,0.901765508003204,333.0,40.0,12.120291616038886,4.942942942942943,0.0324863883847549,4.43706404120471,0.0658500581619679,2.0,16.0,87.66666666666667,0.0074441911791309,0.6566317626527051,0.3433682373472949
41,cfk,2.0,0.0,3.0,0.0,-0.4288771014315716,0.056910569105691,0.0365853658536585,0.1341463414634146,0.1056910569105691,0.0528455284552845,0.0853658536585365,0.0040650406504065,0.0040650406504065,0.0461653806269168,0.0928434655070304,0.1390088461339473,1.005610856871022,0.9941804179348672,1.1729755541371476,118.0,16.0,12.421874999999998,3.745762711864407,0.0353697749196141,4.9252068461927605,0.055244242574751,0.0,2.0,7.0,0.0160075329566855,0.626984126984127,0.373015873015873
42,cfk,4.0,1.0,3.0,3.0,-1.43365195806403,0.0697674418604651,0.0387596899224806,0.1162790697674418,0.1782945736434108,0.0232558139534883,0.1085271317829457,0.0,0.0077519379844961,0.0204806961119174,0.4629316627979278,0.4834123589098453,0.991783662797696,0.9756203608583568,1.0637786535417784,76.0,13.0,15.361111111111107,3.1052631578947367,0.0175438596491228,5.701288499025318,0.0362774231418299,0.0,3.0,3.0,0.0207017543859649,0.585,0.415
43,cfk,3.0,-1.0,2.0,-2.0,-1.1844810888948136,0.0549450549450549,0.0659340659340659,0.1153846153846153,0.1538461538461538,0.0329670329670329,0.0824175824175824,0.0,0.0219780219780219,0.0229557249695062,0.1673420369625091,0.1902977619320154,1.0175227801438718,0.9850483830203846,0.9281468696382728,96.0,18.0,15.931677018633543,3.333333333333333,0.0177304964539007,5.6566813319531,0.0415675744602026,0.0,4.0,8.0,0.0175438596491228,0.6958128078817734,0.3041871921182266
44,cfk,4.0,0.0,3.0,0.0,0.5144630225253791,0.0659025787965616,0.0544412607449856,0.1489971346704871,0.1289398280802292,0.0573065902578796,0.0659025787965616,0.0,0.0057306590257879,0.008682801388204,0.8489482402801514,0.8576310416683555,1.0351459838291588,1.0179459051656763,1.008620262645216,153.0,21.0,13.259259259259256,3.986928104575163,0.0249169435215946,4.662349182687091,0.0469222481293219,0.0,6.0,17.0,0.0131148950808393,0.6535904255319149,0.3464095744680851
45,cfk,1.0,0.0,1.0,0.0,-0.8322304630704879,0.0204081632653061,0.064625850340136,0.1258503401360544,0.1462585034013605,0.0374149659863945,0.1054421768707483,0.0,0.0306122448979591,0.0344748683273792,0.3105021715164184,0.3449770398437977,0.7662354464504632,0.7049631122599286,0.7990573943172774,136.0,17.0,12.00772200772201,3.808823529411765,0.0394736842105263,4.693151001141376,0.0799131386756685,2.0,3.0,15.666666666666666,0.0141067538126361,0.553680981595092,0.4463190184049079
46,cfk,2.0,0.0,2.0,0.0,-0.9440075050528216,0.0413793103448275,0.0551724137931034,0.1448275862068965,0.1655172413793103,0.0275862068965517,0.1862068965517241,0.0068965517241379,0.0068965517241379,0.0240334272384643,0.3341663181781769,0.3581997454166412,0.8398173883786105,0.7954093313332764,0.7807245055614538,73.0,13.0,12.15176151761518,3.3698630136986303,0.0196078431372549,5.535661399231976,0.0292914847709368,1.0,2.5,5.333333333333333,0.0234018264840182,0.7032258064516129,0.2967741935483871
47,cfk,4.0,0.0,3.0,0.0,0.5468371954432678,0.0368421052631578,0.0578947368421052,0.1473684210526315,0.1631578947368421,0.0157894736842105,0.0473684210526315,0.0105263157894736,0.0157894736842105,0.0199816320091485,0.2961375117301941,0.3161191437393427,0.8917688988589014,0.7579480379222452,0.7638278120674692,100.0,16.0,14.196150097465887,3.4,0.0286458333333333,5.385673499123594,0.0366601513954455,0.0,2.0,7.0,0.0171717171717171,0.6831797235023042,0.3168202764976958
48,cfk,,,,,-0.0642840064855002,0.0804289544235924,0.0804289544235924,0.1581769436997319,0.1367292225201072,0.0187667560321715,0.0723860589812332,0.0053619302949061,0.0080428954423592,0.0477022230625152,0.2704473435878753,0.3181495666503906,0.9706909799828544,0.9508617933410708,0.9405537038697656,153.0,19.0,14.727272727272725,4.0130718954248366,0.0403543307086614,4.915774521531057,0.0455989471177116,0.0,5.0,23.0,0.0132008943928448,0.8537735849056604,0.1462264150943396
49,cfk,1.0,-1.0,4.0,-4.0,-1.14878042715392,0.0173410404624277,0.0809248554913294,0.1907514450867052,0.0924855491329479,0.0346820809248554,0.1329479768786127,0.0,0.0057803468208092,0.0102352397516369,0.7580976486206055,0.7683328883722425,0.8040612761939273,0.7729615037053968,0.7306695884660209,85.0,14.0,12.327044025157234,3.7411764705882353,0.0461538461538461,4.910790479714014,0.0756590227797658,1.0,0.5,11.333333333333334,0.0222689075630252,0.507177033492823,0.492822966507177
50,cfk,4.0,-1.0,3.0,-3.0,-0.0788972868607467,0.0348837209302325,0.0843023255813953,0.1482558139534883,0.1482558139534883,0.0377906976744186,0.0610465116279069,0.0290697674418604,0.0087209302325581,0.017151553183794,0.3450568318367004,0.3622083850204944,0.9556208613198728,0.9593345286227472,0.9498250128772816,163.0,25.0,14.106753812636162,3.754601226993865,0.0225118483412322,5.389679418604422,0.0508894516473008,1.0,5.5,13.333333333333334,0.0115882753919563,0.7418154761904762,0.2581845238095238
51,cfk,1.0,0.0,1.0,0.0,-1.0092567761110431,0.0142857142857142,0.0285714285714285,0.0857142857142857,0.1571428571428571,0.0285714285714285,0.1,0.0,0.0714285714285714,0.0099790431559085,0.674473226070404,0.6844522692263126,1.0166455281064215,0.8821279196816212,1.1446603992127165,42.0,7.0,15.272727272727266,2.857142857142857,0.0138888888888888,5.548305353183382,0.0361008039579468,0.0,0.0,3.0,0.0348432055749128,0.4476744186046512,0.5523255813953488
52,cfk,3.0,-1.0,3.0,-3.0,1.1254775224929254,0.017094017094017,0.0512820512820512,0.1452991452991453,0.1196581196581196,0.0569800569800569,0.0911680911680911,0.0056980056980056,0.017094017094017,0.0229370817542076,0.4534738957881927,0.4764109775424003,0.8452974836580525,0.8310150826764551,0.8371753991007987,168.0,25.0,15.893081761006297,3.773809523809524,0.0194672131147541,5.072960312528967,0.0237775821207207,1.0,7.5,10.333333333333334,0.0112988309096093,0.5762032085561497,0.4237967914438502
53,cfk,5.0,-1.0,4.0,-4.0,-0.1652052934745633,0.0471841704718417,0.060882800608828,0.1735159817351598,0.1476407914764079,0.0334855403348554,0.0776255707762557,0.0091324200913242,0.0121765601217656,0.0613210313022136,0.1454844623804092,0.2068054936826229,0.9477153217256132,0.9021334464769208,0.9523482677034968,265.0,32.0,15.267068319004943,4.286792452830189,0.026639344262295,4.731891623942779,0.064530450726065,4.0,10.0,33.333333333333336,0.0081189251000571,0.6932565789473685,0.3067434210526316
54,cfk,1.0,-1.0,2.0,-2.0,-0.2804630633516375,0.0165289256198347,0.0413223140495867,0.1859504132231405,0.1074380165289256,0.0206611570247933,0.0950413223140495,0.0041322314049586,0.012396694214876,0.0145193487405776,0.21968574821949,0.2342050969600677,1.0402146200575657,1.0239137401430476,1.0201340403303194,121.0,22.0,13.256944444444446,3.5702479338842976,0.0222929936305732,4.910399699556847,0.028627887857502,1.0,8.5,7.333333333333333,0.0148760330578512,0.5959409594095941,0.4040590405904059
55,cfk,3.0,-1.0,3.0,-3.0,0.5818511614547459,0.0531914893617021,0.0585106382978723,0.1489361702127659,0.1117021276595744,0.0545212765957446,0.0811170212765957,0.0053191489361702,0.0106382978723404,0.0161520540714263,0.3676465451717376,0.383798599243164,1.0199930801764363,1.0047852043367975,0.9666641851434584,252.0,27.0,10.984158415841584,4.809523809523809,0.0379901960784313,4.265249462549111,0.0646200761793646,1.0,11.5,43.333333333333336,0.0095807247201669,0.3268428372739916,0.6731571627260083
56,cfk,2.0,0.0,2.0,0.0,-0.6496913124861864,0.0687830687830687,0.0476190476190476,0.1269841269841269,0.1428571428571428,0.0476190476190476,0.0529100529100529,0.0,0.0264550264550264,0.1489413231611251,0.0818997323513031,0.2308410555124282,1.0453848512214716,1.1798820301459914,1.0550727180164523,97.0,12.0,11.751412429378531,3.649484536082474,0.03125,4.789154872153345,0.0609431702907105,0.0,4.0,9.0,0.0190077319587628,0.8413978494623656,0.1586021505376344
57,cfk,1.0,0.0,3.0,0.0,-0.2785014727370283,0.0193050193050193,0.0888030888030888,0.138996138996139,0.1312741312741312,0.0424710424710424,0.1158301158301158,0.0193050193050193,0.0077220077220077,0.0181615520268678,0.5792037844657898,0.5973653364926577,0.9721245161938696,0.9237443819766408,0.8655348557576,125.0,17.0,12.122655122655123,3.68,0.0203761755485893,4.88654262440056,0.0484905679650777,1.0,2.5,12.333333333333334,0.0148387096774193,0.4655172413793103,0.5344827586206896
58,cfk,,,,,-1.5369072991000647,0.0551181102362204,0.0866141732283464,0.1417322834645669,0.1259842519685039,0.0157480314960629,0.0944881889763779,0.0078740157480314,0.0157480314960629,0.0115763023495674,0.6870486736297607,0.6986249759793282,0.5885545799211898,0.7382136270313838,0.7584809137049832,71.0,11.0,13.275210084033612,3.267605633802817,0.027027027027027,5.157695078031297,0.0768004817300591,2.0,2.0,8.666666666666666,0.0233400402414486,0.2179487179487179,0.782051282051282
59,cfk,3.0,-1.0,3.0,-3.0,0.4420122177473814,0.0214007782101167,0.0544747081712062,0.1478599221789883,0.1478599221789883,0.0544747081712062,0.122568093385214,0.0019455252918287,0.0505836575875486,0.0204742643982172,0.5342240929603577,0.5546983573585749,0.8133596214868231,0.8030734119545138,0.765807624859372,248.0,32.0,14.655414908579468,3.814516129032258,0.0190249702734839,5.0891102323408735,0.0551207285541049,3.0,9.5,26.0,0.0077216925688912,0.775709219858156,0.2242907801418439
60,cfk,3.0,-1.0,3.0,-3.0,-0.290330972805207,0.0272952853598014,0.0769230769230769,0.1339950372208436,0.1240694789081885,0.0248138957816377,0.0918114143920595,0.0049627791563275,0.009925558312655,0.0112549494951963,0.6209181547164917,0.632173104211688,0.9055763234536018,0.931760936334664,0.9589731491459116,150.0,16.0,16.190891472868223,4.586666666666667,0.0508771929824561,4.568868020510151,0.090290545379066,0.0,11.0,50.0,0.0153914988814317,0.5104938271604939,0.4895061728395061
61,cfk,3.0,-1.0,4.0,-4.0,0.278685200856577,0.0952380952380952,0.0555555555555555,0.1269841269841269,0.2142857142857142,0.0238095238095238,0.1031746031746031,0.0,0.0079365079365079,0.0504904463887214,0.3169236779212951,0.3674141243100166,0.951229286920024,0.9486487875085956,1.2420140870668126,75.0,12.0,15.488603988603984,3.12,0.0364583333333333,5.639344729344691,0.0552941176470588,0.0,1.0,3.0,0.021081081081081,0.8075539568345323,0.1924460431654676
62,cfk,3.0,1.0,3.0,3.0,1.3920381255439709,0.0747663551401869,0.0990654205607476,0.1364485981308411,0.1514018691588785,0.022429906542056,0.1065420560747663,0.005607476635514,0.0130841121495327,0.0238659270107746,0.2619228363037109,0.2857887633144855,1.146421889180304,1.1147516346585802,1.0784058771750114,205.0,25.0,12.352941176470589,4.31219512195122,0.039282250242483,4.6165826230066624,0.1005139699948945,0.0,5.0,47.0,0.0105691056910569,0.768,0.232
63,cfk,2.0,-1.0,2.0,-2.0,-1.6792524680539072,0.0203252032520325,0.056910569105691,0.1260162601626016,0.1626016260162601,0.0284552845528455,0.1422764227642276,0.0121951219512195,0.0040650406504065,0.0227596275508403,0.6217749714851379,0.6445345990359783,0.8887330863940874,0.800217121501705,0.7680575525428575,123.0,20.0,13.991031390134532,3.6260162601626016,0.0402298850574712,5.375247295913843,0.0370627032925943,1.0,2.5,10.333333333333334,0.0148607223777155,0.4014869888475836,0.5985130111524164
64,cfk,3.0,0.0,3.0,0.0,-0.2291666666666666,0.0502092050209205,0.0502092050209205,0.1506276150627615,0.1171548117154811,0.0167364016736401,0.1108786610878661,0.006276150627615,0.0376569037656903,0.0233441740274429,0.2250180095434188,0.2483621835708618,0.8419194394742782,0.7861616461509797,0.7796737928921781,185.0,22.0,11.775308641975313,4.378378378378378,0.0439739413680781,4.545787061906605,0.0655626207385357,2.0,8.0,40.66666666666666,0.0118977673325499,0.7050092764378478,0.2949907235621521
65,cfk,2.0,-1.0,2.0,-2.0,-0.1775587046473901,0.0380622837370242,0.0795847750865051,0.1764705882352941,0.0968858131487889,0.0484429065743944,0.0726643598615917,0.0069204152249134,0.0138408304498269,0.0347549356520175,0.1421637386083603,0.1769186742603778,0.9086852279674716,0.8964308352293572,0.8288459201527071,126.0,16.0,11.485026041666668,4.063492063492063,0.027027027027027,4.618786185515876,0.0679409026645671,0.0,4.0,16.0,0.0162539682539682,0.5592948717948718,0.4407051282051282
